// 4.26.1 0xe8bac9dc D2 R0 FRGB565 U565 N0 SExtFlashSection
// Generated by imageconverter. Please, do not edit!

#include <touchgfx/hal/Config.hpp>

LOCATION_PRAGMA("ExtFlashSection")
KEEP extern const unsigned char image_meter_bar_dim_46[] LOCATION_ATTRIBUTE("ExtFlashSection") = { // 250x46 RGB565 pixels.
    0x81, 0x00, 0x81, 0x00, 0xa0, 0x00, 0x00, 0x00, 0x81, 0x00, 0x81, 0x00,
    0xa0, 0x00, 0x00, 0x00, 0x81, 0x00, 0x81, 0x00, 0xa0, 0x00, 0x00, 0x00,
    0x81, 0x00, 0x81, 0x00, 0xa0, 0x00, 0x00, 0x00, 0x81, 0x00, 0x81, 0x00,
    0xa0, 0x00, 0x00, 0x00, 0x81, 0x00, 0x81, 0x00, 0xa0, 0x00, 0x00, 0x00,
    0x81, 0x00, 0x81, 0x00, 0xa0, 0x00, 0x00, 0x00, 0x81, 0x00, 0x81, 0x00,
    0xa0, 0x00, 0x00, 0x00, 0x81, 0x00, 0x81, 0x00, 0xa0, 0x00, 0x00, 0x00,
    0x81, 0x00, 0x81, 0x00, 0xa0, 0x00, 0x00, 0x00, 0x81, 0x00, 0x81, 0x00,
    0xa0, 0x00, 0x00, 0x00, 0x81, 0x00, 0x81, 0x00, 0xa0, 0x00, 0x00, 0x00,
    0x81, 0x00, 0x81, 0x00, 0xa0, 0x00, 0x00, 0x00, 0x81, 0x00, 0x81, 0x00,
    0xa0, 0x00, 0x00, 0x00, 0x81, 0x00, 0x81, 0x00, 0xa0, 0x00, 0x00, 0x00,
    0x81, 0x00, 0x81, 0x00, 0xa0, 0x00, 0x00, 0x00, 0x81, 0x00, 0x81, 0x00,
    0xa0, 0x00, 0x00, 0x00, 0x81, 0x00, 0x81, 0x00, 0xa0, 0x00, 0x00, 0x00,
    0x81, 0x00, 0x81, 0x00, 0xa0, 0x00, 0x00, 0x00, 0x81, 0x00, 0x81, 0x00,
    0xa0, 0x00, 0x00, 0x00, 0x81, 0x00, 0x81, 0x00, 0xa0, 0x00, 0x00, 0x00,
    0x81, 0x00, 0x81, 0x00, 0xa0, 0x00, 0x00, 0x00, 0x81, 0x00, 0x81, 0x00,
    0xa0, 0x00, 0x00, 0x00, 0x81, 0x00, 0x81, 0x00, 0xa0, 0x00, 0x00, 0x00,
    0x81, 0x00, 0x81, 0x00, 0xa0, 0x00, 0x00, 0x00, 0x81, 0x00, 0x81, 0x00,
    0xa0, 0x00, 0x00, 0x00, 0x81, 0x00, 0x81, 0x00, 0xa0, 0x00, 0x00, 0x00,
    0x81, 0x00, 0x81, 0x00, 0xa0, 0x00, 0x00, 0x00, 0x81, 0x00, 0x81, 0x00,
    0xa0, 0x00, 0x00, 0x00, 0x81, 0x00, 0x81, 0x00, 0xa0, 0x00, 0x00, 0x00,
    0x81, 0x00, 0x81, 0x00, 0xa0, 0x00, 0x00, 0x00, 0x81, 0x00, 0x81, 0x00,
    0xa0, 0x00, 0x00, 0x00, 0x81, 0x00, 0x81, 0x00, 0xa0, 0x00, 0x00, 0x00,
    0x81, 0x00, 0x81, 0x00, 0xa0, 0x00, 0x00, 0x00, 0x81, 0x00, 0x81, 0x00,
    0xa0, 0x00, 0x00, 0x00, 0x81, 0x00, 0x81, 0x00, 0xa0, 0x00, 0x00, 0x00,
    0x81, 0x00, 0x81, 0x00, 0xa0, 0x00, 0x00, 0x00, 0x81, 0x00, 0x81, 0x00,
    0xa0, 0x00, 0x00, 0x00, 0x81, 0x00, 0x81, 0x00, 0xa0, 0x00, 0x00, 0x00,
    0x81, 0x00, 0x81, 0x00, 0xa0, 0x00, 0x00, 0x00, 0x81, 0x00, 0x81, 0x00,
    0xa0, 0x00, 0x00, 0x00, 0x81, 0x00, 0x81, 0x00, 0xa0, 0x00, 0x00, 0x00,
    0x81, 0x00, 0x81, 0x00, 0xa0, 0x00, 0x00, 0x00, 0x81, 0x00, 0x81, 0x00,
    0xa0, 0x00, 0x00, 0x00, 0x80, 0x18, 0x80, 0x18, 0xa0, 0x18, 0x00, 0x00,
    0x80, 0x18, 0x80, 0x18, 0xa0, 0x18, 0x00, 0x00, 0x80, 0x18, 0x80, 0x18,
    0xa0, 0x18, 0x00, 0x00, 0x80, 0x18, 0x80, 0x18, 0xa0, 0x18, 0x00, 0x00,
    0x80, 0x18, 0x80, 0x18, 0xa0, 0x18, 0x00, 0x00, 0x80, 0x18, 0x80, 0x18,
    0xa0, 0x18, 0x00, 0x00, 0x80, 0x18, 0x80, 0x18, 0xa0, 0x18, 0x00, 0x00,
    0x80, 0x18, 0x80, 0x18, 0xa0, 0x18, 0x00, 0x00, 0x80, 0x18, 0x80, 0x18,
    0xa0, 0x18, 0x00, 0x00, 0x80, 0x18, 0x80, 0x18, 0xa0, 0x18, 0x00, 0x00,
    0x80, 0x18, 0x80, 0x18, 0xa0, 0x18, 0x00, 0x00, 0x80, 0x18, 0x80, 0x18,
    0xa0, 0x18, 0x00, 0x00, 0x80, 0x18, 0x80, 0x18, 0xa0, 0x18, 0x00, 0x00,
    0x20, 0x18, 0x21, 0x18, 0x20, 0x18, 0x00, 0x00, 0x20, 0x18, 0x21, 0x18,
    0x20, 0x18, 0x00, 0x00, 0x20, 0x18, 0x21, 0x18, 0x20, 0x18, 0x00, 0x00,
    0x20, 0x18, 0x21, 0x18, 0x20, 0x18, 0x00, 0x00, 0x20, 0x18, 0x21, 0x18,
    0x20, 0x18, 0x00, 0x00, 0x20, 0x18, 0x21, 0x18, 0x01, 0x01, 0x21, 0x01,
    0x01, 0x01, 0x00, 0x00, 0x21, 0x01, 0x01, 0x01, 0x01, 0x01, 0x00, 0x00,
    0x21, 0x01, 0x01, 0x01, 0x01, 0x01, 0x00, 0x00, 0x21, 0x01, 0x01, 0x01,
    0x01, 0x01, 0x00, 0x00, 0x21, 0x01, 0x01, 0x01, 0x01, 0x01, 0x00, 0x00,
    0x21, 0x01, 0x01, 0x01, 0x01, 0x01, 0x00, 0x00, 0x21, 0x01, 0x01, 0x01,
    0x01, 0x01, 0x00, 0x00, 0x21, 0x01, 0x01, 0x01, 0x01, 0x01, 0x00, 0x00,
    0x21, 0x01, 0x01, 0x01, 0x01, 0x01, 0x00, 0x00, 0x21, 0x01, 0x01, 0x01,
    0x01, 0x01, 0x00, 0x00, 0x21, 0x01, 0x01, 0x01, 0x01, 0x01, 0x00, 0x00,
    0x21, 0x01, 0x01, 0x01, 0x01, 0x01, 0x00, 0x00, 0x21, 0x01, 0x01, 0x01,
    0x01, 0x01, 0x00, 0x00, 0x21, 0x01, 0x01, 0x01, 0x01, 0x01, 0x00, 0x00,
    0x21, 0x01, 0x01, 0x01, 0x01, 0x01, 0x00, 0x00, 0x21, 0x01, 0x01, 0x01,
    0x01, 0x01, 0x00, 0x00, 0x21, 0x01, 0x01, 0x01, 0x01, 0x01, 0x00, 0x00,
    0x21, 0x01, 0x01, 0x01, 0x01, 0x01, 0x00, 0x00, 0x21, 0x01, 0x01, 0x01,
    0x01, 0x01, 0x00, 0x00, 0x21, 0x01, 0x01, 0x01, 0x01, 0x01, 0x00, 0x00,
    0x21, 0x01, 0x01, 0x01, 0x01, 0x01, 0x00, 0x00, 0x21, 0x01, 0x01, 0x01,
    0x01, 0x01, 0x00, 0x00, 0x21, 0x01, 0x01, 0x01, 0x01, 0x01, 0x00, 0x00,
    0x21, 0x01, 0x01, 0x01, 0x01, 0x01, 0x00, 0x00, 0x21, 0x01, 0x01, 0x01,
    0x01, 0x01, 0x00, 0x00, 0x21, 0x01, 0x01, 0x01, 0x01, 0x01, 0x00, 0x00,
    0x21, 0x01, 0x01, 0x01, 0x01, 0x01, 0x00, 0x00, 0x21, 0x01, 0x01, 0x01,
    0x01, 0x01, 0x00, 0x00, 0x21, 0x01, 0x01, 0x01, 0x01, 0x01, 0x00, 0x00,
    0x21, 0x01, 0x01, 0x01, 0x01, 0x01, 0x00, 0x00, 0x21, 0x01, 0x01, 0x01,
    0x01, 0x01, 0x00, 0x00, 0x21, 0x01, 0x01, 0x01, 0x01, 0x01, 0x00, 0x00,
    0x21, 0x01, 0x01, 0x01, 0x01, 0x01, 0x00, 0x00, 0x21, 0x01, 0x01, 0x01,
    0x01, 0x01, 0x00, 0x00, 0x21, 0x01, 0x01, 0x01, 0x01, 0x01, 0x00, 0x00,
    0x21, 0x01, 0x01, 0x01, 0x01, 0x01, 0x00, 0x00, 0x21, 0x01, 0x01, 0x01,
    0x01, 0x01, 0x00, 0x00, 0x21, 0x01, 0x01, 0x01, 0x01, 0x01, 0x00, 0x00,
    0x21, 0x01, 0x01, 0x01, 0x01, 0x01, 0x00, 0x00, 0x21, 0x01, 0x01, 0x01,
    0x01, 0x01, 0x00, 0x00, 0x21, 0x01, 0x01, 0x01, 0x01, 0x01, 0x00, 0x00,
    0x21, 0x01, 0x01, 0x01, 0x01, 0x01, 0x00, 0x00, 0x21, 0x01, 0x01, 0x01,
    0x01, 0x01, 0x00, 0x00, 0x21, 0x01, 0x01, 0x01, 0x01, 0x01, 0x00, 0x00,
    0x20, 0x29, 0x00, 0x29, 0x00, 0x29, 0x00, 0x00, 0x20, 0x29, 0x00, 0x29,
    0x00, 0x29, 0x00, 0x00, 0x20, 0x29, 0x00, 0x29, 0x00, 0x29, 0x00, 0x00,
    0x20, 0x29, 0x00, 0x29, 0x00, 0x29, 0x00, 0x00, 0x20, 0x29, 0x00, 0x29,
    0x00, 0x29, 0x00, 0x00, 0x20, 0x29, 0x00, 0x29, 0x00, 0x29, 0x00, 0x00,
    0x20, 0x29, 0x00, 0x29, 0x00, 0x29, 0x00, 0x00, 0x20, 0x29, 0x00, 0x29,
    0x00, 0x29, 0x00, 0x00, 0x20, 0x29, 0x00, 0x29, 0x00, 0x29, 0x00, 0x00,
    0x20, 0x29, 0x00, 0x29, 0x00, 0x29, 0x00, 0x00, 0x20, 0x29, 0x00, 0x29,
    0x00, 0x29, 0x00, 0x00, 0x20, 0x29, 0x00, 0x29, 0x00, 0x29, 0x00, 0x00,
    0x20, 0x29, 0x00, 0x29, 0x00, 0x29, 0x00, 0x00, 0x41, 0x28, 0x41, 0x28,
    0x41, 0x28, 0x00, 0x00, 0x41, 0x28, 0x41, 0x28, 0x41, 0x28, 0x00, 0x00,
    0x41, 0x28, 0x41, 0x28, 0x41, 0x28, 0x00, 0x00, 0x41, 0x28, 0x41, 0x28,
    0x41, 0x28, 0x00, 0x00, 0x41, 0x28, 0x41, 0x28, 0x41, 0x28, 0x00, 0x00,
    0x41, 0x28, 0x41, 0x28, 0x21, 0x01, 0x01, 0x01, 0x21, 0x01, 0x00, 0x00,
    0x21, 0x01, 0x21, 0x01, 0x01, 0x01, 0x00, 0x00, 0x21, 0x01, 0x21, 0x01,
    0x01, 0x01, 0x00, 0x00, 0x21, 0x01, 0x21, 0x01, 0x01, 0x01, 0x00, 0x00,
    0x21, 0x01, 0x21, 0x01, 0x01, 0x01, 0x00, 0x00, 0x21, 0x01, 0x21, 0x01,
    0x01, 0x01, 0x00, 0x00, 0x21, 0x01, 0x21, 0x01, 0x01, 0x01, 0x00, 0x00,
    0x21, 0x01, 0x21, 0x01, 0x01, 0x01, 0x00, 0x00, 0x21, 0x01, 0x21, 0x01,
    0x01, 0x01, 0x00, 0x00, 0x21, 0x01, 0x21, 0x01, 0x01, 0x01, 0x00, 0x00,
    0x21, 0x01, 0x21, 0x01, 0x01, 0x01, 0x00, 0x00, 0x21, 0x01, 0x21, 0x01,
    0x01, 0x01, 0x00, 0x00, 0x21, 0x01, 0x21, 0x01, 0x01, 0x01, 0x00, 0x00,
    0x21, 0x01, 0x21, 0x01, 0x01, 0x01, 0x00, 0x00, 0x21, 0x01, 0x21, 0x01,
    0x01, 0x01, 0x00, 0x00, 0x21, 0x01, 0x21, 0x01, 0x01, 0x01, 0x00, 0x00,
    0x21, 0x01, 0x21, 0x01, 0x01, 0x01, 0x00, 0x00, 0x21, 0x01, 0x21, 0x01,
    0x01, 0x01, 0x00, 0x00, 0x21, 0x01, 0x21, 0x01, 0x01, 0x01, 0x00, 0x00,
    0x21, 0x01, 0x21, 0x01, 0x01, 0x01, 0x00, 0x00, 0x21, 0x01, 0x21, 0x01,
    0x01, 0x01, 0x00, 0x00, 0x21, 0x01, 0x21, 0x01, 0x01, 0x01, 0x00, 0x00,
    0x21, 0x01, 0x21, 0x01, 0x01, 0x01, 0x00, 0x00, 0x21, 0x01, 0x21, 0x01,
    0x01, 0x01, 0x00, 0x00, 0x21, 0x01, 0x21, 0x01, 0x01, 0x01, 0x00, 0x00,
    0x21, 0x01, 0x21, 0x01, 0x01, 0x01, 0x00, 0x00, 0x21, 0x01, 0x21, 0x01,
    0x01, 0x01, 0x00, 0x00, 0x21, 0x01, 0x21, 0x01, 0x01, 0x01, 0x00, 0x00,
    0x21, 0x01, 0x21, 0x01, 0x01, 0x01, 0x00, 0x00, 0x21, 0x01, 0x21, 0x01,
    0x01, 0x01, 0x00, 0x00, 0x21, 0x01, 0x21, 0x01, 0x01, 0x01, 0x00, 0x00,
    0x21, 0x01, 0x21, 0x01, 0x01, 0x01, 0x00, 0x00, 0x21, 0x01, 0x21, 0x01,
    0x01, 0x01, 0x00, 0x00, 0x21, 0x01, 0x21, 0x01, 0x01, 0x01, 0x00, 0x00,
    0x21, 0x01, 0x21, 0x01, 0x01, 0x01, 0x00, 0x00, 0x21, 0x01, 0x21, 0x01,
    0x01, 0x01, 0x00, 0x00, 0x21, 0x01, 0x21, 0x01, 0x01, 0x01, 0x00, 0x00,
    0x21, 0x01, 0x21, 0x01, 0x01, 0x01, 0x00, 0x00, 0x21, 0x01, 0x21, 0x01,
    0x01, 0x01, 0x00, 0x00, 0x21, 0x01, 0x21, 0x01, 0x01, 0x01, 0x00, 0x00,
    0x21, 0x01, 0x21, 0x01, 0x01, 0x01, 0x00, 0x00, 0x21, 0x01, 0x21, 0x01,
    0x01, 0x01, 0x00, 0x00, 0x21, 0x01, 0x21, 0x01, 0x01, 0x01, 0x00, 0x00,
    0x21, 0x01, 0x21, 0x01, 0x01, 0x01, 0x00, 0x00, 0x20, 0x29, 0x20, 0x29,
    0x00, 0x29, 0x00, 0x00, 0x20, 0x29, 0x20, 0x29, 0x00, 0x29, 0x00, 0x00,
    0x20, 0x29, 0x20, 0x29, 0x00, 0x29, 0x00, 0x00, 0x20, 0x29, 0x20, 0x29,
    0x00, 0x29, 0x00, 0x00, 0x20, 0x29, 0x20, 0x29, 0x00, 0x29, 0x00, 0x00,
    0x20, 0x29, 0x20, 0x29, 0x00, 0x29, 0x00, 0x00, 0x20, 0x29, 0x20, 0x29,
    0x00, 0x29, 0x00, 0x00, 0x20, 0x29, 0x20, 0x29, 0x00, 0x29, 0x00, 0x00,
    0x20, 0x29, 0x20, 0x29, 0x00, 0x29, 0x00, 0x00, 0x20, 0x29, 0x20, 0x29,
    0x00, 0x29, 0x00, 0x00, 0x20, 0x29, 0x20, 0x29, 0x00, 0x29, 0x00, 0x00,
    0x20, 0x29, 0x20, 0x29, 0x00, 0x29, 0x00, 0x00, 0x20, 0x29, 0x20, 0x29,
    0x00, 0x29, 0x00, 0x00, 0x41, 0x28, 0x41, 0x28, 0x41, 0x28, 0x00, 0x00,
    0x41, 0x28, 0x41, 0x28, 0x41, 0x28, 0x00, 0x00, 0x41, 0x28, 0x41, 0x28,
    0x41, 0x28, 0x00, 0x00, 0x41, 0x28, 0x41, 0x28, 0x41, 0x28, 0x00, 0x00,
    0x41, 0x28, 0x41, 0x28, 0x41, 0x28, 0x00, 0x00, 0x41, 0x28, 0x41, 0x28,
    0x01, 0x01, 0x21, 0x01, 0x02, 0x01, 0x00, 0x00, 0x01, 0x01, 0x22, 0x01,
    0x21, 0x01, 0x00, 0x00, 0x02, 0x01, 0x21, 0x01, 0x21, 0x01, 0x00, 0x00,
    0x02, 0x01, 0x21, 0x01, 0x21, 0x01, 0x00, 0x00, 0x02, 0x01, 0x21, 0x01,
    0x21, 0x01, 0x00, 0x00, 0x02, 0x01, 0x21, 0x01, 0x21, 0x01, 0x00, 0x00,
    0x02, 0x01, 0x21, 0x01, 0x21, 0x01, 0x00, 0x00, 0x02, 0x01, 0x21, 0x01,
    0x21, 0x01, 0x00, 0x00, 0x02, 0x01, 0x21, 0x01, 0x21, 0x01, 0x00, 0x00,
    0x02, 0x01, 0x21, 0x01, 0x21, 0x01, 0x00, 0x00, 0x02, 0x01, 0x21, 0x01,
    0x21, 0x01, 0x00, 0x00, 0x02, 0x01, 0x21, 0x01, 0x21, 0x01, 0x00, 0x00,
    0x02, 0x01, 0x21, 0x01, 0x21, 0x01, 0x00, 0x00, 0x02, 0x01, 0x21, 0x01,
    0x21, 0x01, 0x00, 0x00, 0x02, 0x01, 0x21, 0x01, 0x21, 0x01, 0x00, 0x00,
    0x02, 0x01, 0x21, 0x01, 0x21, 0x01, 0x00, 0x00, 0x02, 0x01, 0x21, 0x01,
    0x21, 0x01, 0x00, 0x00, 0x02, 0x01, 0x21, 0x01, 0x21, 0x01, 0x00, 0x00,
    0x02, 0x01, 0x21, 0x01, 0x21, 0x01, 0x00, 0x00, 0x02, 0x01, 0x21, 0x01,
    0x21, 0x01, 0x00, 0x00, 0x02, 0x01, 0x21, 0x01, 0x21, 0x01, 0x00, 0x00,
    0x02, 0x01, 0x21, 0x01, 0x21, 0x01, 0x00, 0x00, 0x02, 0x01, 0x21, 0x01,
    0x21, 0x01, 0x00, 0x00, 0x02, 0x01, 0x21, 0x01, 0x21, 0x01, 0x00, 0x00,
    0x02, 0x01, 0x21, 0x01, 0x21, 0x01, 0x00, 0x00, 0x02, 0x01, 0x21, 0x01,
    0x21, 0x01, 0x00, 0x00, 0x02, 0x01, 0x21, 0x01, 0x21, 0x01, 0x00, 0x00,
    0x02, 0x01, 0x21, 0x01, 0x21, 0x01, 0x00, 0x00, 0x02, 0x01, 0x21, 0x01,
    0x21, 0x01, 0x00, 0x00, 0x02, 0x01, 0x21, 0x01, 0x21, 0x01, 0x00, 0x00,
    0x02, 0x01, 0x21, 0x01, 0x21, 0x01, 0x00, 0x00, 0x02, 0x01, 0x21, 0x01,
    0x21, 0x01, 0x00, 0x00, 0x02, 0x01, 0x21, 0x01, 0x21, 0x01, 0x00, 0x00,
    0x02, 0x01, 0x21, 0x01, 0x21, 0x01, 0x00, 0x00, 0x02, 0x01, 0x21, 0x01,
    0x21, 0x01, 0x00, 0x00, 0x02, 0x01, 0x21, 0x01, 0x21, 0x01, 0x00, 0x00,
    0x02, 0x01, 0x21, 0x01, 0x21, 0x01, 0x00, 0x00, 0x02, 0x01, 0x21, 0x01,
    0x21, 0x01, 0x00, 0x00, 0x02, 0x01, 0x21, 0x01, 0x21, 0x01, 0x00, 0x00,
    0x02, 0x01, 0x21, 0x01, 0x21, 0x01, 0x00, 0x00, 0x02, 0x01, 0x21, 0x01,
    0x21, 0x01, 0x00, 0x00, 0x02, 0x01, 0x21, 0x01, 0x21, 0x01, 0x00, 0x00,
    0x02, 0x01, 0x21, 0x01, 0x21, 0x01, 0x00, 0x00, 0x02, 0x01, 0x21, 0x01,
    0x21, 0x01, 0x00, 0x00, 0x00, 0x29, 0x20, 0x29, 0x20, 0x29, 0x00, 0x00,
    0x00, 0x29, 0x20, 0x29, 0x20, 0x29, 0x00, 0x00, 0x00, 0x29, 0x20, 0x29,
    0x20, 0x29, 0x00, 0x00, 0x00, 0x29, 0x20, 0x29, 0x20, 0x29, 0x00, 0x00,
    0x00, 0x29, 0x20, 0x29, 0x20, 0x29, 0x00, 0x00, 0x00, 0x29, 0x20, 0x29,
    0x20, 0x29, 0x00, 0x00, 0x00, 0x29, 0x20, 0x29, 0x20, 0x29, 0x00, 0x00,
    0x00, 0x29, 0x20, 0x29, 0x20, 0x29, 0x00, 0x00, 0x00, 0x29, 0x20, 0x29,
    0x20, 0x29, 0x00, 0x00, 0x00, 0x29, 0x20, 0x29, 0x20, 0x29, 0x00, 0x00,
    0x00, 0x29, 0x20, 0x29, 0x20, 0x29, 0x00, 0x00, 0x00, 0x29, 0x20, 0x29,
    0x20, 0x29, 0x00, 0x00, 0x00, 0x29, 0x20, 0x29, 0x20, 0x29, 0x00, 0x00,
    0x41, 0x28, 0x41, 0x28, 0x41, 0x28, 0x00, 0x00, 0x41, 0x28, 0x41, 0x28,
    0x41, 0x30, 0x00, 0x00, 0x41, 0x28, 0x41, 0x28, 0x41, 0x30, 0x00, 0x00,
    0x41, 0x28, 0x41, 0x28, 0x41, 0x30, 0x00, 0x00, 0x41, 0x28, 0x41, 0x28,
    0x41, 0x30, 0x00, 0x00, 0x41, 0x28, 0x41, 0x28, 0x01, 0x01, 0x21, 0x01,
    0x01, 0x01, 0x00, 0x00, 0x01, 0x01, 0x01, 0x01, 0x21, 0x01, 0x00, 0x00,
    0x01, 0x01, 0x02, 0x01, 0x21, 0x01, 0x00, 0x00, 0x01, 0x01, 0x02, 0x01,
    0x21, 0x01, 0x00, 0x00, 0x01, 0x01, 0x02, 0x01, 0x21, 0x01, 0x00, 0x00,
    0x01, 0x01, 0x02, 0x01, 0x21, 0x01, 0x00, 0x00, 0x01, 0x01, 0x02, 0x01,
    0x21, 0x01, 0x00, 0x00, 0x01, 0x01, 0x02, 0x01, 0x21, 0x01, 0x00, 0x00,
    0x01, 0x01, 0x02, 0x01, 0x21, 0x01, 0x00, 0x00, 0x01, 0x01, 0x02, 0x01,
    0x21, 0x01, 0x00, 0x00, 0x01, 0x01, 0x02, 0x01, 0x21, 0x01, 0x00, 0x00,
    0x01, 0x01, 0x02, 0x01, 0x21, 0x01, 0x00, 0x00, 0x01, 0x01, 0x02, 0x01,
    0x21, 0x01, 0x00, 0x00, 0x01, 0x01, 0x02, 0x01, 0x21, 0x01, 0x00, 0x00,
    0x01, 0x01, 0x02, 0x01, 0x21, 0x01, 0x00, 0x00, 0x01, 0x01, 0x02, 0x01,
    0x21, 0x01, 0x00, 0x00, 0x01, 0x01, 0x02, 0x01, 0x21, 0x01, 0x00, 0x00,
    0x01, 0x01, 0x02, 0x01, 0x21, 0x01, 0x00, 0x00, 0x01, 0x01, 0x02, 0x01,
    0x21, 0x01, 0x00, 0x00, 0x01, 0x01, 0x02, 0x01, 0x21, 0x01, 0x00, 0x00,
    0x01, 0x01, 0x02, 0x01, 0x21, 0x01, 0x00, 0x00, 0x01, 0x01, 0x02, 0x01,
    0x21, 0x01, 0x00, 0x00, 0x01, 0x01, 0x02, 0x01, 0x21, 0x01, 0x00, 0x00,
    0x01, 0x01, 0x02, 0x01, 0x21, 0x01, 0x00, 0x00, 0x01, 0x01, 0x02, 0x01,
    0x21, 0x01, 0x00, 0x00, 0x01, 0x01, 0x02, 0x01, 0x21, 0x01, 0x00, 0x00,
    0x01, 0x01, 0x02, 0x01, 0x21, 0x01, 0x00, 0x00, 0x01, 0x01, 0x02, 0x01,
    0x21, 0x01, 0x00, 0x00, 0x01, 0x01, 0x02, 0x01, 0x21, 0x01, 0x00, 0x00,
    0x01, 0x01, 0x02, 0x01, 0x21, 0x01, 0x00, 0x00, 0x01, 0x01, 0x02, 0x01,
    0x21, 0x01, 0x00, 0x00, 0x01, 0x01, 0x02, 0x01, 0x21, 0x01, 0x00, 0x00,
    0x01, 0x01, 0x02, 0x01, 0x21, 0x01, 0x00, 0x00, 0x01, 0x01, 0x02, 0x01,
    0x21, 0x01, 0x00, 0x00, 0x01, 0x01, 0x02, 0x01, 0x21, 0x01, 0x00, 0x00,
    0x01, 0x01, 0x02, 0x01, 0x21, 0x01, 0x00, 0x00, 0x01, 0x01, 0x02, 0x01,
    0x21, 0x01, 0x00, 0x00, 0x01, 0x01, 0x02, 0x01, 0x21, 0x01, 0x00, 0x00,
    0x01, 0x01, 0x02, 0x01, 0x21, 0x01, 0x00, 0x00, 0x01, 0x01, 0x02, 0x01,
    0x21, 0x01, 0x00, 0x00, 0x01, 0x01, 0x02, 0x01, 0x21, 0x01, 0x00, 0x00,
    0x01, 0x01, 0x02, 0x01, 0x21, 0x01, 0x00, 0x00, 0x01, 0x01, 0x02, 0x01,
    0x21, 0x01, 0x00, 0x00, 0x01, 0x01, 0x02, 0x01, 0x21, 0x01, 0x00, 0x00,
    0x00, 0x29, 0x00, 0x29, 0x20, 0x29, 0x00, 0x00, 0x00, 0x29, 0x00, 0x29,
    0x20, 0x29, 0x00, 0x00, 0x00, 0x29, 0x00, 0x29, 0x20, 0x29, 0x00, 0x00,
    0x00, 0x29, 0x00, 0x29, 0x20, 0x29, 0x00, 0x00, 0x00, 0x29, 0x00, 0x29,
    0x20, 0x29, 0x00, 0x00, 0x00, 0x29, 0x00, 0x29, 0x20, 0x29, 0x00, 0x00,
    0x00, 0x29, 0x00, 0x29, 0x20, 0x29, 0x00, 0x00, 0x00, 0x29, 0x00, 0x29,
    0x20, 0x29, 0x00, 0x00, 0x00, 0x29, 0x00, 0x29, 0x20, 0x29, 0x00, 0x00,
    0x00, 0x29, 0x00, 0x29, 0x20, 0x29, 0x00, 0x00, 0x00, 0x29, 0x00, 0x29,
    0x20, 0x29, 0x00, 0x00, 0x00, 0x29, 0x00, 0x29, 0x20, 0x29, 0x00, 0x00,
    0x00, 0x29, 0x00, 0x29, 0x20, 0x29, 0x00, 0x00, 0x41, 0x28, 0x41, 0x28,
    0x41, 0x30, 0x00, 0x00, 0x41, 0x28, 0x41, 0x30, 0x41, 0x28, 0x00, 0x00,
    0x41, 0x28, 0x41, 0x28, 0x41, 0x28, 0x00, 0x00, 0x41, 0x28, 0x41, 0x28,
    0x41, 0x28, 0x00, 0x00, 0x41, 0x28, 0x41, 0x28, 0x41, 0x28, 0x00, 0x00,
    0x41, 0x28, 0x41, 0x28, 0x21, 0x01, 0x01, 0x01, 0x22, 0x01, 0x00, 0x00,
    0x21, 0x01, 0x02, 0x01, 0x01, 0x01, 0x00, 0x00, 0x21, 0x01, 0x01, 0x01,
    0x02, 0x01, 0x00, 0x00, 0x21, 0x01, 0x01, 0x01, 0x01, 0x01, 0x00, 0x00,
    0x21, 0x01, 0x01, 0x01, 0x02, 0x01, 0x00, 0x00, 0x21, 0x01, 0x01, 0x01,
    0x02, 0x01, 0x00, 0x00, 0x21, 0x01, 0x01, 0x01, 0x01, 0x01, 0x00, 0x00,
    0x21, 0x01, 0x01, 0x01, 0x02, 0x01, 0x00, 0x00, 0x21, 0x01, 0x01, 0x01,
    0x02, 0x01, 0x00, 0x00, 0x21, 0x01, 0x01, 0x01, 0x01, 0x01, 0x00, 0x00,
    0x21, 0x01, 0x01, 0x01, 0x02, 0x01, 0x00, 0x00, 0x21, 0x01, 0x01, 0x01,
    0x02, 0x01, 0x00, 0x00, 0x21, 0x01, 0x01, 0x01, 0x01, 0x01, 0x00, 0x00,
    0x21, 0x01, 0x01, 0x01, 0x02, 0x01, 0x00, 0x00, 0x21, 0x01, 0x01, 0x01,
    0x02, 0x01, 0x00, 0x00, 0x21, 0x01, 0x01, 0x01, 0x01, 0x01, 0x00, 0x00,
    0x21, 0x01, 0x01, 0x01, 0x02, 0x01, 0x00, 0x00, 0x21, 0x01, 0x01, 0x01,
    0x02, 0x01, 0x00, 0x00, 0x21, 0x01, 0x01, 0x01, 0x01, 0x01, 0x00, 0x00,
    0x21, 0x01, 0x01, 0x01, 0x02, 0x01, 0x00, 0x00, 0x21, 0x01, 0x01, 0x01,
    0x02, 0x01, 0x00, 0x00, 0x21, 0x01, 0x01, 0x01, 0x01, 0x01, 0x00, 0x00,
    0x21, 0x01, 0x01, 0x01, 0x02, 0x01, 0x00, 0x00, 0x21, 0x01, 0x01, 0x01,
    0x02, 0x01, 0x00, 0x00, 0x21, 0x01, 0x01, 0x01, 0x01, 0x01, 0x00, 0x00,
    0x21, 0x01, 0x01, 0x01, 0x02, 0x01, 0x00, 0x00, 0x21, 0x01, 0x01, 0x01,
    0x02, 0x01, 0x00, 0x00, 0x21, 0x01, 0x01, 0x01, 0x01, 0x01, 0x00, 0x00,
    0x21, 0x01, 0x01, 0x01, 0x02, 0x01, 0x00, 0x00, 0x21, 0x01, 0x01, 0x01,
    0x02, 0x01, 0x00, 0x00, 0x21, 0x01, 0x01, 0x01, 0x01, 0x01, 0x00, 0x00,
    0x21, 0x01, 0x01, 0x01, 0x02, 0x01, 0x00, 0x00, 0x21, 0x01, 0x01, 0x01,
    0x02, 0x01, 0x00, 0x00, 0x21, 0x01, 0x01, 0x01, 0x01, 0x01, 0x00, 0x00,
    0x21, 0x01, 0x01, 0x01, 0x02, 0x01, 0x00, 0x00, 0x21, 0x01, 0x01, 0x01,
    0x02, 0x01, 0x00, 0x00, 0x21, 0x01, 0x01, 0x01, 0x01, 0x01, 0x00, 0x00,
    0x21, 0x01, 0x01, 0x01, 0x02, 0x01, 0x00, 0x00, 0x21, 0x01, 0x01, 0x01,
    0x02, 0x01, 0x00, 0x00, 0x21, 0x01, 0x01, 0x01, 0x01, 0x01, 0x00, 0x00,
    0x21, 0x01, 0x01, 0x01, 0x02, 0x01, 0x00, 0x00, 0x21, 0x01, 0x01, 0x01,
    0x02, 0x01, 0x00, 0x00, 0x21, 0x01, 0x01, 0x01, 0x02, 0x01, 0x00, 0x00,
    0x21, 0x01, 0x01, 0x01, 0x01, 0x01, 0x00, 0x00, 0x20, 0x29, 0x00, 0x29,
    0x00, 0x29, 0x00, 0x00, 0x20, 0x29, 0x00, 0x29, 0x00, 0x29, 0x00, 0x00,
    0x20, 0x29, 0x00, 0x29, 0x00, 0x29, 0x00, 0x00, 0x20, 0x29, 0x00, 0x29,
    0x00, 0x29, 0x00, 0x00, 0x20, 0x29, 0x00, 0x29, 0x00, 0x29, 0x00, 0x00,
    0x20, 0x29, 0x00, 0x29, 0x00, 0x29, 0x00, 0x00, 0x20, 0x29, 0x00, 0x29,
    0x00, 0x29, 0x00, 0x00, 0x20, 0x29, 0x00, 0x29, 0x00, 0x29, 0x00, 0x00,
    0x20, 0x29, 0x00, 0x29, 0x00, 0x29, 0x00, 0x00, 0x20, 0x29, 0x00, 0x29,
    0x00, 0x29, 0x00, 0x00, 0x20, 0x29, 0x00, 0x29, 0x00, 0x29, 0x00, 0x00,
    0x20, 0x29, 0x00, 0x29, 0x00, 0x29, 0x00, 0x00, 0x20, 0x29, 0x00, 0x29,
    0x00, 0x29, 0x00, 0x00, 0x41, 0x28, 0x41, 0x28, 0x41, 0x30, 0x00, 0x00,
    0x41, 0x28, 0x41, 0x28, 0x41, 0x28, 0x00, 0x00, 0x41, 0x30, 0x41, 0x28,
    0x41, 0x28, 0x00, 0x00, 0x41, 0x30, 0x41, 0x28, 0x41, 0x28, 0x00, 0x00,
    0x41, 0x30, 0x41, 0x28, 0x41, 0x28, 0x00, 0x00, 0x41, 0x30, 0x41, 0x28,
    0x01, 0x01, 0x21, 0x01, 0x02, 0x01, 0x00, 0x00, 0x21, 0x01, 0x21, 0x01,
    0x02, 0x01, 0x00, 0x00, 0x21, 0x01, 0x21, 0x01, 0x01, 0x01, 0x00, 0x00,
    0x21, 0x01, 0x22, 0x01, 0x01, 0x01, 0x00, 0x00, 0x22, 0x01, 0x21, 0x01,
    0x01, 0x01, 0x00, 0x00, 0x21, 0x01, 0x21, 0x01, 0x01, 0x01, 0x00, 0x00,
    0x21, 0x01, 0x22, 0x01, 0x01, 0x01, 0x00, 0x00, 0x22, 0x01, 0x21, 0x01,
    0x01, 0x01, 0x00, 0x00, 0x21, 0x01, 0x21, 0x01, 0x01, 0x01, 0x00, 0x00,
    0x21, 0x01, 0x22, 0x01, 0x01, 0x01, 0x00, 0x00, 0x22, 0x01, 0x21, 0x01,
    0x01, 0x01, 0x00, 0x00, 0x21, 0x01, 0x21, 0x01, 0x01, 0x01, 0x00, 0x00,
    0x21, 0x01, 0x22, 0x01, 0x01, 0x01, 0x00, 0x00, 0x22, 0x01, 0x21, 0x01,
    0x01, 0x01, 0x00, 0x00, 0x21, 0x01, 0x21, 0x01, 0x01, 0x01, 0x00, 0x00,
    0x21, 0x01, 0x22, 0x01, 0x01, 0x01, 0x00, 0x00, 0x22, 0x01, 0x21, 0x01,
    0x01, 0x01, 0x00, 0x00, 0x21, 0x01, 0x21, 0x01, 0x01, 0x01, 0x00, 0x00,
    0x21, 0x01, 0x22, 0x01, 0x01, 0x01, 0x00, 0x00, 0x22, 0x01, 0x21, 0x01,
    0x01, 0x01, 0x00, 0x00, 0x21, 0x01, 0x21, 0x01, 0x01, 0x01, 0x00, 0x00,
    0x21, 0x01, 0x22, 0x01, 0x01, 0x01, 0x00, 0x00, 0x22, 0x01, 0x21, 0x01,
    0x01, 0x01, 0x00, 0x00, 0x21, 0x01, 0x21, 0x01, 0x01, 0x01, 0x00, 0x00,
    0x21, 0x01, 0x22, 0x01, 0x01, 0x01, 0x00, 0x00, 0x22, 0x01, 0x21, 0x01,
    0x01, 0x01, 0x00, 0x00, 0x21, 0x01, 0x21, 0x01, 0x01, 0x01, 0x00, 0x00,
    0x21, 0x01, 0x22, 0x01, 0x01, 0x01, 0x00, 0x00, 0x22, 0x01, 0x21, 0x01,
    0x01, 0x01, 0x00, 0x00, 0x21, 0x01, 0x21, 0x01, 0x01, 0x01, 0x00, 0x00,
    0x21, 0x01, 0x22, 0x01, 0x01, 0x01, 0x00, 0x00, 0x22, 0x01, 0x21, 0x01,
    0x01, 0x01, 0x00, 0x00, 0x21, 0x01, 0x21, 0x01, 0x01, 0x01, 0x00, 0x00,
    0x21, 0x01, 0x22, 0x01, 0x01, 0x01, 0x00, 0x00, 0x22, 0x01, 0x21, 0x01,
    0x01, 0x01, 0x00, 0x00, 0x21, 0x01, 0x21, 0x01, 0x01, 0x01, 0x00, 0x00,
    0x21, 0x01, 0x22, 0x01, 0x01, 0x01, 0x00, 0x00, 0x22, 0x01, 0x21, 0x01,
    0x01, 0x01, 0x00, 0x00, 0x21, 0x01, 0x21, 0x01, 0x01, 0x01, 0x00, 0x00,
    0x21, 0x01, 0x22, 0x01, 0x01, 0x01, 0x00, 0x00, 0x22, 0x01, 0x21, 0x01,
    0x01, 0x01, 0x00, 0x00, 0x21, 0x01, 0x21, 0x01, 0x01, 0x01, 0x00, 0x00,
    0x21, 0x01, 0x21, 0x01, 0x01, 0x01, 0x00, 0x00, 0x21, 0x01, 0x22, 0x01,
    0x01, 0x01, 0x00, 0x00, 0x20, 0x29, 0x20, 0x29, 0x00, 0x29, 0x00, 0x00,
    0x20, 0x29, 0x20, 0x29, 0x00, 0x29, 0x00, 0x00, 0x20, 0x29, 0x20, 0x29,
    0x00, 0x29, 0x00, 0x00, 0x20, 0x29, 0x20, 0x29, 0x00, 0x29, 0x00, 0x00,
    0x20, 0x29, 0x20, 0x29, 0x00, 0x29, 0x00, 0x00, 0x20, 0x29, 0x20, 0x29,
    0x00, 0x29, 0x00, 0x00, 0x20, 0x29, 0x20, 0x29, 0x00, 0x29, 0x00, 0x00,
    0x20, 0x29, 0x20, 0x29, 0x00, 0x29, 0x00, 0x00, 0x20, 0x29, 0x20, 0x29,
    0x00, 0x29, 0x00, 0x00, 0x20, 0x29, 0x20, 0x29, 0x00, 0x29, 0x00, 0x00,
    0x20, 0x29, 0x20, 0x29, 0x00, 0x29, 0x00, 0x00, 0x20, 0x29, 0x20, 0x29,
    0x00, 0x29, 0x00, 0x00, 0x20, 0x29, 0x20, 0x29, 0x00, 0x29, 0x00, 0x00,
    0x41, 0x28, 0x41, 0x28, 0x41, 0x28, 0x00, 0x00, 0x41, 0x28, 0x41, 0x28,
    0x41, 0x30, 0x00, 0x00, 0x41, 0x28, 0x41, 0x30, 0x41, 0x28, 0x00, 0x00,
    0x41, 0x30, 0x41, 0x28, 0x41, 0x28, 0x00, 0x00, 0x41, 0x30, 0x41, 0x28,
    0x41, 0x28, 0x00, 0x00, 0x41, 0x28, 0x41, 0x28, 0x01, 0x01, 0x21, 0x01,
    0x01, 0x01, 0x00, 0x00, 0x21, 0x01, 0x01, 0x01, 0x21, 0x01, 0x00, 0x00,
    0x02, 0x01, 0x21, 0x01, 0x21, 0x01, 0x00, 0x00, 0x01, 0x01, 0x21, 0x01,
    0x22, 0x01, 0x00, 0x00, 0x01, 0x01, 0x21, 0x01, 0x21, 0x01, 0x00, 0x00,
    0x02, 0x01, 0x21, 0x01, 0x21, 0x01, 0x00, 0x00, 0x01, 0x01, 0x21, 0x01,
    0x22, 0x01, 0x00, 0x00, 0x01, 0x01, 0x21, 0x01, 0x21, 0x01, 0x00, 0x00,
    0x02, 0x01, 0x21, 0x01, 0x21, 0x01, 0x00, 0x00, 0x01, 0x01, 0x21, 0x01,
    0x22, 0x01, 0x00, 0x00, 0x01, 0x01, 0x21, 0x01, 0x21, 0x01, 0x00, 0x00,
    0x02, 0x01, 0x21, 0x01, 0x21, 0x01, 0x00, 0x00, 0x01, 0x01, 0x21, 0x01,
    0x22, 0x01, 0x00, 0x00, 0x01, 0x01, 0x21, 0x01, 0x21, 0x01, 0x00, 0x00,
    0x02, 0x01, 0x21, 0x01, 0x21, 0x01, 0x00, 0x00, 0x01, 0x01, 0x21, 0x01,
    0x22, 0x01, 0x00, 0x00, 0x01, 0x01, 0x21, 0x01, 0x21, 0x01, 0x00, 0x00,
    0x02, 0x01, 0x21, 0x01, 0x21, 0x01, 0x00, 0x00, 0x01, 0x01, 0x21, 0x01,
    0x22, 0x01, 0x00, 0x00, 0x01, 0x01, 0x21, 0x01, 0x21, 0x01, 0x00, 0x00,
    0x02, 0x01, 0x21, 0x01, 0x21, 0x01, 0x00, 0x00, 0x01, 0x01, 0x21, 0x01,
    0x22, 0x01, 0x00, 0x00, 0x01, 0x01, 0x21, 0x01, 0x21, 0x01, 0x00, 0x00,
    0x02, 0x01, 0x21, 0x01, 0x21, 0x01, 0x00, 0x00, 0x01, 0x01, 0x21, 0x01,
    0x22, 0x01, 0x00, 0x00, 0x01, 0x01, 0x21, 0x01, 0x21, 0x01, 0x00, 0x00,
    0x02, 0x01, 0x21, 0x01, 0x21, 0x01, 0x00, 0x00, 0x01, 0x01, 0x21, 0x01,
    0x22, 0x01, 0x00, 0x00, 0x01, 0x01, 0x21, 0x01, 0x21, 0x01, 0x00, 0x00,
    0x02, 0x01, 0x21, 0x01, 0x21, 0x01, 0x00, 0x00, 0x01, 0x01, 0x21, 0x01,
    0x22, 0x01, 0x00, 0x00, 0x01, 0x01, 0x21, 0x01, 0x21, 0x01, 0x00, 0x00,
    0x02, 0x01, 0x21, 0x01, 0x21, 0x01, 0x00, 0x00, 0x01, 0x01, 0x21, 0x01,
    0x22, 0x01, 0x00, 0x00, 0x01, 0x01, 0x21, 0x01, 0x21, 0x01, 0x00, 0x00,
    0x02, 0x01, 0x21, 0x01, 0x21, 0x01, 0x00, 0x00, 0x01, 0x01, 0x21, 0x01,
    0x22, 0x01, 0x00, 0x00, 0x01, 0x01, 0x21, 0x01, 0x21, 0x01, 0x00, 0x00,
    0x02, 0x01, 0x21, 0x01, 0x21, 0x01, 0x00, 0x00, 0x01, 0x01, 0x21, 0x01,
    0x22, 0x01, 0x00, 0x00, 0x01, 0x01, 0x21, 0x01, 0x21, 0x01, 0x00, 0x00,
    0x02, 0x01, 0x21, 0x01, 0x21, 0x01, 0x00, 0x00, 0x02, 0x01, 0x21, 0x01,
    0x21, 0x01, 0x00, 0x00, 0x01, 0x01, 0x21, 0x01, 0x22, 0x01, 0x00, 0x00,
    0x00, 0x29, 0x20, 0x29, 0x20, 0x29, 0x00, 0x00, 0x00, 0x29, 0x20, 0x29,
    0x20, 0x29, 0x00, 0x00, 0x00, 0x29, 0x20, 0x29, 0x20, 0x29, 0x00, 0x00,
    0x00, 0x29, 0x20, 0x29, 0x20, 0x29, 0x00, 0x00, 0x00, 0x29, 0x20, 0x29,
    0x20, 0x29, 0x00, 0x00, 0x00, 0x29, 0x20, 0x29, 0x20, 0x29, 0x00, 0x00,
    0x00, 0x29, 0x20, 0x29, 0x20, 0x29, 0x00, 0x00, 0x00, 0x29, 0x20, 0x29,
    0x20, 0x29, 0x00, 0x00, 0x00, 0x29, 0x20, 0x29, 0x20, 0x29, 0x00, 0x00,
    0x00, 0x29, 0x20, 0x29, 0x20, 0x29, 0x00, 0x00, 0x00, 0x29, 0x20, 0x29,
    0x20, 0x29, 0x00, 0x00, 0x00, 0x29, 0x20, 0x29, 0x20, 0x29, 0x00, 0x00,
    0x00, 0x29, 0x20, 0x29, 0x20, 0x29, 0x00, 0x00, 0x41, 0x28, 0x41, 0x28,
    0x41, 0x30, 0x00, 0x00, 0x41, 0x28, 0x41, 0x30, 0x41, 0x28, 0x00, 0x00,
    0x41, 0x28, 0x41, 0x28, 0x41, 0x28, 0x00, 0x00, 0x41, 0x28, 0x41, 0x28,
    0x41, 0x30, 0x00, 0x00, 0x41, 0x28, 0x41, 0x28, 0x41, 0x30, 0x00, 0x00,
    0x41, 0x28, 0x41, 0x28, 0x21, 0x01, 0x01, 0x01, 0x22, 0x01, 0x00, 0x00,
    0x01, 0x01, 0x02, 0x01, 0x21, 0x01, 0x00, 0x00, 0x01, 0x01, 0x02, 0x01,
    0x21, 0x01, 0x00, 0x00, 0x02, 0x01, 0x01, 0x01, 0x21, 0x01, 0x00, 0x00,
    0x01, 0x01, 0x02, 0x01, 0x21, 0x01, 0x00, 0x00, 0x01, 0x01, 0x02, 0x01,
    0x21, 0x01, 0x00, 0x00, 0x02, 0x01, 0x01, 0x01, 0x21, 0x01, 0x00, 0x00,
    0x01, 0x01, 0x02, 0x01, 0x21, 0x01, 0x00, 0x00, 0x01, 0x01, 0x02, 0x01,
    0x21, 0x01, 0x00, 0x00, 0x02, 0x01, 0x01, 0x01, 0x21, 0x01, 0x00, 0x00,
    0x01, 0x01, 0x02, 0x01, 0x21, 0x01, 0x00, 0x00, 0x01, 0x01, 0x02, 0x01,
    0x21, 0x01, 0x00, 0x00, 0x02, 0x01, 0x01, 0x01, 0x21, 0x01, 0x00, 0x00,
    0x01, 0x01, 0x02, 0x01, 0x21, 0x01, 0x00, 0x00, 0x01, 0x01, 0x02, 0x01,
    0x21, 0x01, 0x00, 0x00, 0x02, 0x01, 0x01, 0x01, 0x21, 0x01, 0x00, 0x00,
    0x01, 0x01, 0x02, 0x01, 0x21, 0x01, 0x00, 0x00, 0x01, 0x01, 0x02, 0x01,
    0x21, 0x01, 0x00, 0x00, 0x02, 0x01, 0x01, 0x01, 0x21, 0x01, 0x00, 0x00,
    0x01, 0x01, 0x02, 0x01, 0x21, 0x01, 0x00, 0x00, 0x01, 0x01, 0x02, 0x01,
    0x21, 0x01, 0x00, 0x00, 0x02, 0x01, 0x01, 0x01, 0x21, 0x01, 0x00, 0x00,
    0x01, 0x01, 0x02, 0x01, 0x21, 0x01, 0x00, 0x00, 0x01, 0x01, 0x02, 0x01,
    0x21, 0x01, 0x00, 0x00, 0x02, 0x01, 0x01, 0x01, 0x21, 0x01, 0x00, 0x00,
    0x01, 0x01, 0x02, 0x01, 0x21, 0x01, 0x00, 0x00, 0x01, 0x01, 0x02, 0x01,
    0x21, 0x01, 0x00, 0x00, 0x02, 0x01, 0x01, 0x01, 0x21, 0x01, 0x00, 0x00,
    0x01, 0x01, 0x02, 0x01, 0x21, 0x01, 0x00, 0x00, 0x01, 0x01, 0x02, 0x01,
    0x21, 0x01, 0x00, 0x00, 0x02, 0x01, 0x01, 0x01, 0x21, 0x01, 0x00, 0x00,
    0x01, 0x01, 0x02, 0x01, 0x21, 0x01, 0x00, 0x00, 0x01, 0x01, 0x02, 0x01,
    0x21, 0x01, 0x00, 0x00, 0x02, 0x01, 0x01, 0x01, 0x21, 0x01, 0x00, 0x00,
    0x01, 0x01, 0x02, 0x01, 0x21, 0x01, 0x00, 0x00, 0x01, 0x01, 0x02, 0x01,
    0x21, 0x01, 0x00, 0x00, 0x02, 0x01, 0x01, 0x01, 0x21, 0x01, 0x00, 0x00,
    0x01, 0x01, 0x02, 0x01, 0x21, 0x01, 0x00, 0x00, 0x01, 0x01, 0x02, 0x01,
    0x21, 0x01, 0x00, 0x00, 0x02, 0x01, 0x01, 0x01, 0x21, 0x01, 0x00, 0x00,
    0x01, 0x01, 0x02, 0x01, 0x21, 0x01, 0x00, 0x00, 0x01, 0x01, 0x02, 0x01,
    0x21, 0x01, 0x00, 0x00, 0x01, 0x01, 0x02, 0x01, 0x21, 0x01, 0x00, 0x00,
    0x02, 0x01, 0x01, 0x01, 0x21, 0x01, 0x00, 0x00, 0x00, 0x29, 0x00, 0x29,
    0x20, 0x29, 0x00, 0x00, 0x00, 0x29, 0x00, 0x29, 0x20, 0x29, 0x00, 0x00,
    0x00, 0x29, 0x00, 0x29, 0x20, 0x29, 0x00, 0x00, 0x00, 0x29, 0x00, 0x29,
    0x20, 0x29, 0x00, 0x00, 0x00, 0x29, 0x00, 0x29, 0x20, 0x29, 0x00, 0x00,
    0x00, 0x29, 0x00, 0x29, 0x20, 0x29, 0x00, 0x00, 0x00, 0x29, 0x00, 0x29,
    0x20, 0x29, 0x00, 0x00, 0x00, 0x29, 0x00, 0x29, 0x20, 0x29, 0x00, 0x00,
    0x00, 0x29, 0x00, 0x29, 0x20, 0x29, 0x00, 0x00, 0x00, 0x29, 0x00, 0x29,
    0x20, 0x29, 0x00, 0x00, 0x00, 0x29, 0x00, 0x29, 0x20, 0x29, 0x00, 0x00,
    0x00, 0x29, 0x00, 0x29, 0x20, 0x29, 0x00, 0x00, 0x00, 0x29, 0x00, 0x29,
    0x20, 0x29, 0x00, 0x00, 0x41, 0x28, 0x41, 0x28, 0x41, 0x28, 0x00, 0x00,
    0x41, 0x28, 0x41, 0x28, 0x41, 0x28, 0x00, 0x00, 0x41, 0x28, 0x41, 0x30,
    0x41, 0x28, 0x00, 0x00, 0x41, 0x28, 0x41, 0x28, 0x41, 0x28, 0x00, 0x00,
    0x41, 0x28, 0x41, 0x28, 0x41, 0x30, 0x00, 0x00, 0x41, 0x28, 0x41, 0x30,
    0x01, 0x01, 0x21, 0x01, 0x01, 0x01, 0x00, 0x00, 0x21, 0x01, 0x01, 0x01,
    0x22, 0x01, 0x00, 0x00, 0x21, 0x01, 0x01, 0x01, 0x01, 0x01, 0x00, 0x00,
    0x21, 0x01, 0x01, 0x01, 0x01, 0x01, 0x00, 0x00, 0x21, 0x01, 0x01, 0x01,
    0x02, 0x01, 0x00, 0x00, 0x21, 0x01, 0x01, 0x01, 0x01, 0x01, 0x00, 0x00,
    0x21, 0x01, 0x01, 0x01, 0x01, 0x01, 0x00, 0x00, 0x21, 0x01, 0x01, 0x01,
    0x02, 0x01, 0x00, 0x00, 0x21, 0x01, 0x01, 0x01, 0x01, 0x01, 0x00, 0x00,
    0x21, 0x01, 0x01, 0x01, 0x01, 0x01, 0x00, 0x00, 0x21, 0x01, 0x01, 0x01,
    0x02, 0x01, 0x00, 0x00, 0x21, 0x01, 0x01, 0x01, 0x01, 0x01, 0x00, 0x00,
    0x21, 0x01, 0x01, 0x01, 0x01, 0x01, 0x00, 0x00, 0x21, 0x01, 0x01, 0x01,
    0x02, 0x01, 0x00, 0x00, 0x21, 0x01, 0x01, 0x01, 0x01, 0x01, 0x00, 0x00,
    0x21, 0x01, 0x01, 0x01, 0x01, 0x01, 0x00, 0x00, 0x21, 0x01, 0x01, 0x01,
    0x02, 0x01, 0x00, 0x00, 0x21, 0x01, 0x01, 0x01, 0x01, 0x01, 0x00, 0x00,
    0x21, 0x01, 0x01, 0x01, 0x01, 0x01, 0x00, 0x00, 0x21, 0x01, 0x01, 0x01,
    0x02, 0x01, 0x00, 0x00, 0x21, 0x01, 0x01, 0x01, 0x01, 0x01, 0x00, 0x00,
    0x21, 0x01, 0x01, 0x01, 0x01, 0x01, 0x00, 0x00, 0x21, 0x01, 0x01, 0x01,
    0x02, 0x01, 0x00, 0x00, 0x21, 0x01, 0x01, 0x01, 0x01, 0x01, 0x00, 0x00,
    0x21, 0x01, 0x01, 0x01, 0x01, 0x01, 0x00, 0x00, 0x21, 0x01, 0x01, 0x01,
    0x02, 0x01, 0x00, 0x00, 0x21, 0x01, 0x01, 0x01, 0x01, 0x01, 0x00, 0x00,
    0x21, 0x01, 0x01, 0x01, 0x01, 0x01, 0x00, 0x00, 0x21, 0x01, 0x01, 0x01,
    0x02, 0x01, 0x00, 0x00, 0x21, 0x01, 0x01, 0x01, 0x01, 0x01, 0x00, 0x00,
    0x21, 0x01, 0x01, 0x01, 0x01, 0x01, 0x00, 0x00, 0x21, 0x01, 0x01, 0x01,
    0x02, 0x01, 0x00, 0x00, 0x21, 0x01, 0x01, 0x01, 0x01, 0x01, 0x00, 0x00,
    0x21, 0x01, 0x01, 0x01, 0x01, 0x01, 0x00, 0x00, 0x21, 0x01, 0x01, 0x01,
    0x02, 0x01, 0x00, 0x00, 0x21, 0x01, 0x01, 0x01, 0x01, 0x01, 0x00, 0x00,
    0x21, 0x01, 0x01, 0x01, 0x01, 0x01, 0x00, 0x00, 0x21, 0x01, 0x01, 0x01,
    0x02, 0x01, 0x00, 0x00, 0x21, 0x01, 0x01, 0x01, 0x01, 0x01, 0x00, 0x00,
    0x21, 0x01, 0x01, 0x01, 0x01, 0x01, 0x00, 0x00, 0x21, 0x01, 0x01, 0x01,
    0x02, 0x01, 0x00, 0x00, 0x21, 0x01, 0x01, 0x01, 0x01, 0x01, 0x00, 0x00,
    0x21, 0x01, 0x01, 0x01, 0x01, 0x01, 0x00, 0x00, 0x21, 0x01, 0x01, 0x01,
    0x01, 0x01, 0x00, 0x00, 0x20, 0x29, 0x00, 0x29, 0x00, 0x29, 0x00, 0x00,
    0x20, 0x29, 0x00, 0x29, 0x00, 0x29, 0x00, 0x00, 0x20, 0x29, 0x00, 0x29,
    0x00, 0x29, 0x00, 0x00, 0x20, 0x29, 0x00, 0x29, 0x00, 0x29, 0x00, 0x00,
    0x20, 0x29, 0x00, 0x29, 0x00, 0x29, 0x00, 0x00, 0x20, 0x29, 0x00, 0x29,
    0x00, 0x29, 0x00, 0x00, 0x20, 0x29, 0x00, 0x29, 0x00, 0x29, 0x00, 0x00,
    0x20, 0x29, 0x00, 0x29, 0x00, 0x29, 0x00, 0x00, 0x20, 0x29, 0x00, 0x29,
    0x00, 0x29, 0x00, 0x00, 0x20, 0x29, 0x00, 0x29, 0x00, 0x29, 0x00, 0x00,
    0x20, 0x29, 0x00, 0x29, 0x00, 0x29, 0x00, 0x00, 0x20, 0x29, 0x00, 0x29,
    0x00, 0x29, 0x00, 0x00, 0x20, 0x29, 0x00, 0x29, 0x00, 0x29, 0x00, 0x00,
    0x41, 0x28, 0x41, 0x30, 0x41, 0x28, 0x00, 0x00, 0x41, 0x30, 0x41, 0x28,
    0x41, 0x28, 0x00, 0x00, 0x41, 0x30, 0x41, 0x28, 0x41, 0x28, 0x00, 0x00,
    0x41, 0x30, 0x41, 0x28, 0x41, 0x28, 0x00, 0x00, 0x41, 0x30, 0x41, 0x28,
    0x41, 0x28, 0x00, 0x00, 0x41, 0x28, 0x41, 0x28, 0x01, 0x01, 0x22, 0x01,
    0x01, 0x01, 0x00, 0x00, 0x21, 0x01, 0x01, 0x01, 0x01, 0x01, 0x00, 0x00,
    0x21, 0x01, 0x22, 0x01, 0x01, 0x01, 0x00, 0x00, 0x22, 0x01, 0x21, 0x01,
    0x02, 0x01, 0x00, 0x00, 0x21, 0x01, 0x21, 0x01, 0x01, 0x01, 0x00, 0x00,
    0x21, 0x01, 0x22, 0x01, 0x01, 0x01, 0x00, 0x00, 0x22, 0x01, 0x21, 0x01,
    0x02, 0x01, 0x00, 0x00, 0x21, 0x01, 0x21, 0x01, 0x01, 0x01, 0x00, 0x00,
    0x21, 0x01, 0x22, 0x01, 0x01, 0x01, 0x00, 0x00, 0x22, 0x01, 0x21, 0x01,
    0x02, 0x01, 0x00, 0x00, 0x21, 0x01, 0x21, 0x01, 0x01, 0x01, 0x00, 0x00,
    0x21, 0x01, 0x22, 0x01, 0x01, 0x01, 0x00, 0x00, 0x22, 0x01, 0x21, 0x01,
    0x02, 0x01, 0x00, 0x00, 0x21, 0x01, 0x21, 0x01, 0x01, 0x01, 0x00, 0x00,
    0x21, 0x01, 0x22, 0x01, 0x01, 0x01, 0x00, 0x00, 0x22, 0x01, 0x21, 0x01,
    0x02, 0x01, 0x00, 0x00, 0x21, 0x01, 0x21, 0x01, 0x01, 0x01, 0x00, 0x00,
    0x21, 0x01, 0x22, 0x01, 0x01, 0x01, 0x00, 0x00, 0x22, 0x01, 0x21, 0x01,
    0x02, 0x01, 0x00, 0x00, 0x21, 0x01, 0x21, 0x01, 0x01, 0x01, 0x00, 0x00,
    0x21, 0x01, 0x22, 0x01, 0x01, 0x01, 0x00, 0x00, 0x22, 0x01, 0x21, 0x01,
    0x02, 0x01, 0x00, 0x00, 0x21, 0x01, 0x21, 0x01, 0x01, 0x01, 0x00, 0x00,
    0x21, 0x01, 0x22, 0x01, 0x01, 0x01, 0x00, 0x00, 0x22, 0x01, 0x21, 0x01,
    0x02, 0x01, 0x00, 0x00, 0x21, 0x01, 0x21, 0x01, 0x01, 0x01, 0x00, 0x00,
    0x21, 0x01, 0x22, 0x01, 0x01, 0x01, 0x00, 0x00, 0x22, 0x01, 0x21, 0x01,
    0x02, 0x01, 0x00, 0x00, 0x21, 0x01, 0x21, 0x01, 0x01, 0x01, 0x00, 0x00,
    0x21, 0x01, 0x22, 0x01, 0x01, 0x01, 0x00, 0x00, 0x22, 0x01, 0x21, 0x01,
    0x02, 0x01, 0x00, 0x00, 0x21, 0x01, 0x21, 0x01, 0x01, 0x01, 0x00, 0x00,
    0x21, 0x01, 0x22, 0x01, 0x01, 0x01, 0x00, 0x00, 0x22, 0x01, 0x21, 0x01,
    0x02, 0x01, 0x00, 0x00, 0x21, 0x01, 0x21, 0x01, 0x01, 0x01, 0x00, 0x00,
    0x21, 0x01, 0x22, 0x01, 0x01, 0x01, 0x00, 0x00, 0x22, 0x01, 0x21, 0x01,
    0x02, 0x01, 0x00, 0x00, 0x21, 0x01, 0x21, 0x01, 0x01, 0x01, 0x00, 0x00,
    0x21, 0x01, 0x22, 0x01, 0x01, 0x01, 0x00, 0x00, 0x22, 0x01, 0x21, 0x01,
    0x02, 0x01, 0x00, 0x00, 0x21, 0x01, 0x21, 0x01, 0x01, 0x01, 0x00, 0x00,
    0x21, 0x01, 0x22, 0x01, 0x01, 0x01, 0x00, 0x00, 0x22, 0x01, 0x21, 0x01,
    0x02, 0x01, 0x00, 0x00, 0x21, 0x01, 0x22, 0x01, 0x01, 0x01, 0x00, 0x00,
    0x20, 0x29, 0x20, 0x29, 0x00, 0x29, 0x00, 0x00, 0x20, 0x29, 0x20, 0x29,
    0x00, 0x29, 0x00, 0x00, 0x20, 0x29, 0x20, 0x29, 0x00, 0x29, 0x00, 0x00,
    0x20, 0x29, 0x20, 0x29, 0x00, 0x29, 0x00, 0x00, 0x20, 0x29, 0x20, 0x29,
    0x00, 0x29, 0x00, 0x00, 0x20, 0x29, 0x20, 0x29, 0x00, 0x29, 0x00, 0x00,
    0x20, 0x29, 0x20, 0x29, 0x00, 0x29, 0x00, 0x00, 0x20, 0x29, 0x20, 0x29,
    0x00, 0x29, 0x00, 0x00, 0x20, 0x29, 0x20, 0x29, 0x00, 0x29, 0x00, 0x00,
    0x20, 0x29, 0x20, 0x29, 0x00, 0x29, 0x00, 0x00, 0x20, 0x29, 0x20, 0x29,
    0x00, 0x29, 0x00, 0x00, 0x20, 0x29, 0x20, 0x29, 0x00, 0x29, 0x00, 0x00,
    0x20, 0x29, 0x20, 0x29, 0x00, 0x29, 0x00, 0x00, 0x41, 0x28, 0x41, 0x28,
    0x41, 0x30, 0x00, 0x00, 0x41, 0x28, 0x41, 0x30, 0x41, 0x28, 0x00, 0x00,
    0x41, 0x28, 0x41, 0x28, 0x41, 0x28, 0x00, 0x00, 0x41, 0x30, 0x41, 0x28,
    0x41, 0x28, 0x00, 0x00, 0x41, 0x30, 0x41, 0x28, 0x41, 0x28, 0x00, 0x00,
    0x41, 0x28, 0x41, 0x28, 0x21, 0x01, 0x01, 0x01, 0x22, 0x01, 0x00, 0x00,
    0x22, 0x01, 0x21, 0x01, 0x01, 0x01, 0x00, 0x00, 0x01, 0x01, 0x21, 0x01,
    0x22, 0x01, 0x00, 0x00, 0x01, 0x01, 0x21, 0x01, 0x21, 0x01, 0x00, 0x00,
    0x02, 0x01, 0x21, 0x01, 0x21, 0x01, 0x00, 0x00, 0x01, 0x01, 0x21, 0x01,
    0x22, 0x01, 0x00, 0x00, 0x01, 0x01, 0x21, 0x01, 0x21, 0x01, 0x00, 0x00,
    0x02, 0x01, 0x21, 0x01, 0x21, 0x01, 0x00, 0x00, 0x01, 0x01, 0x21, 0x01,
    0x22, 0x01, 0x00, 0x00, 0x01, 0x01, 0x21, 0x01, 0x21, 0x01, 0x00, 0x00,
    0x02, 0x01, 0x21, 0x01, 0x21, 0x01, 0x00, 0x00, 0x01, 0x01, 0x21, 0x01,
    0x22, 0x01, 0x00, 0x00, 0x01, 0x01, 0x21, 0x01, 0x21, 0x01, 0x00, 0x00,
    0x02, 0x01, 0x21, 0x01, 0x21, 0x01, 0x00, 0x00, 0x01, 0x01, 0x21, 0x01,
    0x22, 0x01, 0x00, 0x00, 0x01, 0x01, 0x21, 0x01, 0x21, 0x01, 0x00, 0x00,
    0x02, 0x01, 0x21, 0x01, 0x21, 0x01, 0x00, 0x00, 0x01, 0x01, 0x21, 0x01,
    0x22, 0x01, 0x00, 0x00, 0x01, 0x01, 0x21, 0x01, 0x21, 0x01, 0x00, 0x00,
    0x02, 0x01, 0x21, 0x01, 0x21, 0x01, 0x00, 0x00, 0x01, 0x01, 0x21, 0x01,
    0x22, 0x01, 0x00, 0x00, 0x01, 0x01, 0x21, 0x01, 0x21, 0x01, 0x00, 0x00,
    0x02, 0x01, 0x21, 0x01, 0x21, 0x01, 0x00, 0x00, 0x01, 0x01, 0x21, 0x01,
    0x22, 0x01, 0x00, 0x00, 0x01, 0x01, 0x21, 0x01, 0x21, 0x01, 0x00, 0x00,
    0x02, 0x01, 0x21, 0x01, 0x21, 0x01, 0x00, 0x00, 0x01, 0x01, 0x21, 0x01,
    0x22, 0x01, 0x00, 0x00, 0x01, 0x01, 0x21, 0x01, 0x21, 0x01, 0x00, 0x00,
    0x02, 0x01, 0x21, 0x01, 0x21, 0x01, 0x00, 0x00, 0x01, 0x01, 0x21, 0x01,
    0x22, 0x01, 0x00, 0x00, 0x01, 0x01, 0x21, 0x01, 0x21, 0x01, 0x00, 0x00,
    0x02, 0x01, 0x21, 0x01, 0x21, 0x01, 0x00, 0x00, 0x01, 0x01, 0x21, 0x01,
    0x22, 0x01, 0x00, 0x00, 0x01, 0x01, 0x21, 0x01, 0x21, 0x01, 0x00, 0x00,
    0x02, 0x01, 0x21, 0x01, 0x21, 0x01, 0x00, 0x00, 0x01, 0x01, 0x21, 0x01,
    0x22, 0x01, 0x00, 0x00, 0x01, 0x01, 0x21, 0x01, 0x21, 0x01, 0x00, 0x00,
    0x02, 0x01, 0x21, 0x01, 0x21, 0x01, 0x00, 0x00, 0x01, 0x01, 0x21, 0x01,
    0x22, 0x01, 0x00, 0x00, 0x01, 0x01, 0x21, 0x01, 0x21, 0x01, 0x00, 0x00,
    0x02, 0x01, 0x21, 0x01, 0x21, 0x01, 0x00, 0x00, 0x01, 0x01, 0x21, 0x01,
    0x22, 0x01, 0x00, 0x00, 0x01, 0x01, 0x21, 0x01, 0x21, 0x01, 0x00, 0x00,
    0x01, 0x01, 0x22, 0x01, 0x21, 0x01, 0x00, 0x00, 0x00, 0x29, 0x20, 0x29,
    0x20, 0x29, 0x00, 0x00, 0x00, 0x29, 0x20, 0x29, 0x20, 0x29, 0x00, 0x00,
    0x00, 0x29, 0x20, 0x29, 0x20, 0x29, 0x00, 0x00, 0x00, 0x29, 0x20, 0x29,
    0x20, 0x29, 0x00, 0x00, 0x00, 0x29, 0x20, 0x29, 0x20, 0x29, 0x00, 0x00,
    0x00, 0x29, 0x20, 0x29, 0x20, 0x29, 0x00, 0x00, 0x00, 0x29, 0x20, 0x29,
    0x20, 0x29, 0x00, 0x00, 0x00, 0x29, 0x20, 0x29, 0x20, 0x29, 0x00, 0x00,
    0x00, 0x29, 0x20, 0x29, 0x20, 0x29, 0x00, 0x00, 0x00, 0x29, 0x20, 0x29,
    0x20, 0x29, 0x00, 0x00, 0x00, 0x29, 0x20, 0x29, 0x20, 0x29, 0x00, 0x00,
    0x00, 0x29, 0x20, 0x29, 0x20, 0x29, 0x00, 0x00, 0x00, 0x29, 0x20, 0x29,
    0x20, 0x29, 0x00, 0x00, 0x41, 0x28, 0x41, 0x28, 0x41, 0x28, 0x00, 0x00,
    0x41, 0x28, 0x41, 0x28, 0x41, 0x28, 0x00, 0x00, 0x41, 0x30, 0x41, 0x28,
    0x41, 0x28, 0x00, 0x00, 0x41, 0x28, 0x41, 0x30, 0x41, 0x28, 0x00, 0x00,
    0x41, 0x28, 0x41, 0x28, 0x41, 0x30, 0x00, 0x00, 0x41, 0x28, 0x41, 0x30,
    0x01, 0x01, 0x21, 0x01, 0x01, 0x01, 0x00, 0x00, 0x01, 0x01, 0x22, 0x01,
    0x21, 0x01, 0x00, 0x00, 0x02, 0x01, 0x01, 0x01, 0x21, 0x01, 0x00, 0x00,
    0x01, 0x01, 0x01, 0x01, 0x21, 0x01, 0x00, 0x00, 0x01, 0x01, 0x02, 0x01,
    0x21, 0x01, 0x00, 0x00, 0x02, 0x01, 0x01, 0x01, 0x21, 0x01, 0x00, 0x00,
    0x01, 0x01, 0x01, 0x01, 0x21, 0x01, 0x00, 0x00, 0x01, 0x01, 0x02, 0x01,
    0x21, 0x01, 0x00, 0x00, 0x02, 0x01, 0x01, 0x01, 0x21, 0x01, 0x00, 0x00,
    0x01, 0x01, 0x01, 0x01, 0x21, 0x01, 0x00, 0x00, 0x01, 0x01, 0x02, 0x01,
    0x21, 0x01, 0x00, 0x00, 0x02, 0x01, 0x01, 0x01, 0x21, 0x01, 0x00, 0x00,
    0x01, 0x01, 0x01, 0x01, 0x21, 0x01, 0x00, 0x00, 0x01, 0x01, 0x02, 0x01,
    0x21, 0x01, 0x00, 0x00, 0x02, 0x01, 0x01, 0x01, 0x21, 0x01, 0x00, 0x00,
    0x01, 0x01, 0x01, 0x01, 0x21, 0x01, 0x00, 0x00, 0x01, 0x01, 0x02, 0x01,
    0x21, 0x01, 0x00, 0x00, 0x02, 0x01, 0x01, 0x01, 0x21, 0x01, 0x00, 0x00,
    0x01, 0x01, 0x01, 0x01, 0x21, 0x01, 0x00, 0x00, 0x01, 0x01, 0x02, 0x01,
    0x21, 0x01, 0x00, 0x00, 0x02, 0x01, 0x01, 0x01, 0x21, 0x01, 0x00, 0x00,
    0x01, 0x01, 0x01, 0x01, 0x21, 0x01, 0x00, 0x00, 0x01, 0x01, 0x02, 0x01,
    0x21, 0x01, 0x00, 0x00, 0x02, 0x01, 0x01, 0x01, 0x21, 0x01, 0x00, 0x00,
    0x01, 0x01, 0x01, 0x01, 0x21, 0x01, 0x00, 0x00, 0x01, 0x01, 0x02, 0x01,
    0x21, 0x01, 0x00, 0x00, 0x02, 0x01, 0x01, 0x01, 0x21, 0x01, 0x00, 0x00,
    0x01, 0x01, 0x01, 0x01, 0x21, 0x01, 0x00, 0x00, 0x01, 0x01, 0x02, 0x01,
    0x21, 0x01, 0x00, 0x00, 0x02, 0x01, 0x01, 0x01, 0x21, 0x01, 0x00, 0x00,
    0x01, 0x01, 0x01, 0x01, 0x21, 0x01, 0x00, 0x00, 0x01, 0x01, 0x02, 0x01,
    0x21, 0x01, 0x00, 0x00, 0x02, 0x01, 0x01, 0x01, 0x21, 0x01, 0x00, 0x00,
    0x01, 0x01, 0x01, 0x01, 0x21, 0x01, 0x00, 0x00, 0x01, 0x01, 0x02, 0x01,
    0x21, 0x01, 0x00, 0x00, 0x02, 0x01, 0x01, 0x01, 0x21, 0x01, 0x00, 0x00,
    0x01, 0x01, 0x01, 0x01, 0x21, 0x01, 0x00, 0x00, 0x01, 0x01, 0x02, 0x01,
    0x21, 0x01, 0x00, 0x00, 0x02, 0x01, 0x01, 0x01, 0x21, 0x01, 0x00, 0x00,
    0x01, 0x01, 0x01, 0x01, 0x21, 0x01, 0x00, 0x00, 0x01, 0x01, 0x02, 0x01,
    0x21, 0x01, 0x00, 0x00, 0x02, 0x01, 0x01, 0x01, 0x21, 0x01, 0x00, 0x00,
    0x01, 0x01, 0x01, 0x01, 0x22, 0x01, 0x00, 0x00, 0x01, 0x01, 0x01, 0x01,
    0x21, 0x01, 0x00, 0x00, 0x00, 0x29, 0x00, 0x29, 0x20, 0x29, 0x00, 0x00,
    0x00, 0x29, 0x00, 0x29, 0x20, 0x29, 0x00, 0x00, 0x00, 0x29, 0x00, 0x29,
    0x20, 0x29, 0x00, 0x00, 0x00, 0x29, 0x00, 0x29, 0x20, 0x29, 0x00, 0x00,
    0x00, 0x29, 0x00, 0x29, 0x20, 0x29, 0x00, 0x00, 0x00, 0x29, 0x00, 0x29,
    0x20, 0x29, 0x00, 0x00, 0x00, 0x29, 0x00, 0x29, 0x20, 0x29, 0x00, 0x00,
    0x00, 0x29, 0x00, 0x29, 0x20, 0x29, 0x00, 0x00, 0x00, 0x29, 0x00, 0x29,
    0x20, 0x29, 0x00, 0x00, 0x00, 0x29, 0x00, 0x29, 0x20, 0x29, 0x00, 0x00,
    0x00, 0x29, 0x00, 0x29, 0x20, 0x29, 0x00, 0x00, 0x00, 0x29, 0x00, 0x29,
    0x20, 0x29, 0x00, 0x00, 0x00, 0x29, 0x00, 0x29, 0x20, 0x29, 0x00, 0x00,
    0x41, 0x28, 0x41, 0x28, 0x41, 0x30, 0x00, 0x00, 0x41, 0x28, 0x41, 0x28,
    0x41, 0x30, 0x00, 0x00, 0x41, 0x28, 0x41, 0x30, 0x41, 0x28, 0x00, 0x00,
    0x41, 0x28, 0x41, 0x28, 0x41, 0x30, 0x00, 0x00, 0x41, 0x28, 0x41, 0x28,
    0x41, 0x28, 0x00, 0x00, 0x41, 0x28, 0x41, 0x28, 0x01, 0x01, 0x21, 0x01,
    0x01, 0x01, 0x00, 0x00, 0x01, 0x01, 0x01, 0x01, 0x21, 0x01, 0x00, 0x00,
    0x21, 0x01, 0x01, 0x01, 0x01, 0x01, 0x00, 0x00, 0x22, 0x01, 0x02, 0x01,
    0x01, 0x01, 0x00, 0x00, 0x21, 0x01, 0x01, 0x01, 0x02, 0x01, 0x00, 0x00,
    0x21, 0x01, 0x01, 0x01, 0x01, 0x01, 0x00, 0x00, 0x22, 0x01, 0x02, 0x01,
    0x01, 0x01, 0x00, 0x00, 0x21, 0x01, 0x01, 0x01, 0x02, 0x01, 0x00, 0x00,
    0x21, 0x01, 0x01, 0x01, 0x01, 0x01, 0x00, 0x00, 0x22, 0x01, 0x02, 0x01,
    0x01, 0x01, 0x00, 0x00, 0x21, 0x01, 0x01, 0x01, 0x02, 0x01, 0x00, 0x00,
    0x21, 0x01, 0x01, 0x01, 0x01, 0x01, 0x00, 0x00, 0x22, 0x01, 0x02, 0x01,
    0x01, 0x01, 0x00, 0x00, 0x21, 0x01, 0x01, 0x01, 0x02, 0x01, 0x00, 0x00,
    0x21, 0x01, 0x01, 0x01, 0x01, 0x01, 0x00, 0x00, 0x22, 0x01, 0x02, 0x01,
    0x01, 0x01, 0x00, 0x00, 0x21, 0x01, 0x01, 0x01, 0x02, 0x01, 0x00, 0x00,
    0x21, 0x01, 0x01, 0x01, 0x01, 0x01, 0x00, 0x00, 0x22, 0x01, 0x02, 0x01,
    0x01, 0x01, 0x00, 0x00, 0x21, 0x01, 0x01, 0x01, 0x02, 0x01, 0x00, 0x00,
    0x21, 0x01, 0x01, 0x01, 0x01, 0x01, 0x00, 0x00, 0x22, 0x01, 0x02, 0x01,
    0x01, 0x01, 0x00, 0x00, 0x21, 0x01, 0x01, 0x01, 0x02, 0x01, 0x00, 0x00,
    0x21, 0x01, 0x01, 0x01, 0x01, 0x01, 0x00, 0x00, 0x22, 0x01, 0x02, 0x01,
    0x01, 0x01, 0x00, 0x00, 0x21, 0x01, 0x01, 0x01, 0x02, 0x01, 0x00, 0x00,
    0x21, 0x01, 0x01, 0x01, 0x01, 0x01, 0x00, 0x00, 0x22, 0x01, 0x02, 0x01,
    0x01, 0x01, 0x00, 0x00, 0x21, 0x01, 0x01, 0x01, 0x02, 0x01, 0x00, 0x00,
    0x21, 0x01, 0x01, 0x01, 0x01, 0x01, 0x00, 0x00, 0x22, 0x01, 0x02, 0x01,
    0x01, 0x01, 0x00, 0x00, 0x21, 0x01, 0x01, 0x01, 0x02, 0x01, 0x00, 0x00,
    0x21, 0x01, 0x01, 0x01, 0x01, 0x01, 0x00, 0x00, 0x22, 0x01, 0x02, 0x01,
    0x01, 0x01, 0x00, 0x00, 0x21, 0x01, 0x01, 0x01, 0x02, 0x01, 0x00, 0x00,
    0x21, 0x01, 0x01, 0x01, 0x01, 0x01, 0x00, 0x00, 0x22, 0x01, 0x02, 0x01,
    0x01, 0x01, 0x00, 0x00, 0x21, 0x01, 0x01, 0x01, 0x02, 0x01, 0x00, 0x00,
    0x21, 0x01, 0x01, 0x01, 0x01, 0x01, 0x00, 0x00, 0x22, 0x01, 0x02, 0x01,
    0x01, 0x01, 0x00, 0x00, 0x21, 0x01, 0x01, 0x01, 0x02, 0x01, 0x00, 0x00,
    0x21, 0x01, 0x01, 0x01, 0x01, 0x01, 0x00, 0x00, 0x22, 0x01, 0x01, 0x01,
    0x01, 0x01, 0x00, 0x00, 0x21, 0x01, 0x02, 0x01, 0x01, 0x01, 0x00, 0x00,
    0x20, 0x29, 0x00, 0x29, 0x00, 0x29, 0x00, 0x00, 0x20, 0x29, 0x00, 0x29,
    0x00, 0x29, 0x00, 0x00, 0x20, 0x29, 0x00, 0x29, 0x00, 0x29, 0x00, 0x00,
    0x20, 0x29, 0x00, 0x29, 0x00, 0x29, 0x00, 0x00, 0x20, 0x29, 0x00, 0x29,
    0x00, 0x29, 0x00, 0x00, 0x20, 0x29, 0x00, 0x29, 0x00, 0x29, 0x00, 0x00,
    0x20, 0x29, 0x00, 0x29, 0x00, 0x29, 0x00, 0x00, 0x20, 0x29, 0x00, 0x29,
    0x00, 0x29, 0x00, 0x00, 0x20, 0x29, 0x00, 0x29, 0x00, 0x29, 0x00, 0x00,
    0x20, 0x29, 0x00, 0x29, 0x00, 0x29, 0x00, 0x00, 0x20, 0x29, 0x00, 0x29,
    0x00, 0x29, 0x00, 0x00, 0x20, 0x29, 0x00, 0x29, 0x00, 0x29, 0x00, 0x00,
    0x20, 0x29, 0x00, 0x29, 0x00, 0x29, 0x00, 0x00, 0x41, 0x28, 0x41, 0x28,
    0x41, 0x28, 0x00, 0x00, 0x41, 0x28, 0x41, 0x30, 0x41, 0x28, 0x00, 0x00,
    0x41, 0x28, 0x41, 0x28, 0x41, 0x30, 0x00, 0x00, 0x41, 0x28, 0x41, 0x28,
    0x41, 0x28, 0x00, 0x00, 0x41, 0x30, 0x41, 0x28, 0x41, 0x28, 0x00, 0x00,
    0x41, 0x30, 0x41, 0x28, 0x21, 0x01, 0x02, 0x01, 0x22, 0x01, 0x00, 0x00,
    0x21, 0x01, 0x02, 0x01, 0x01, 0x01, 0x00, 0x00, 0x22, 0x01, 0x21, 0x01,
    0x01, 0x01, 0x00, 0x00, 0x21, 0x01, 0x21, 0x01, 0x02, 0x01, 0x00, 0x00,
    0x21, 0x01, 0x21, 0x01, 0x01, 0x01, 0x00, 0x00, 0x21, 0x01, 0x22, 0x01,
    0x01, 0x01, 0x00, 0x00, 0x21, 0x01, 0x21, 0x01, 0x01, 0x01, 0x00, 0x00,
    0x22, 0x01, 0x21, 0x01, 0x01, 0x01, 0x00, 0x00, 0x21, 0x01, 0x22, 0x01,
    0x01, 0x01, 0x00, 0x00, 0x21, 0x01, 0x21, 0x01, 0x01, 0x01, 0x00, 0x00,
    0x22, 0x01, 0x21, 0x01, 0x01, 0x01, 0x00, 0x00, 0x21, 0x01, 0x22, 0x01,
    0x01, 0x01, 0x00, 0x00, 0x21, 0x01, 0x21, 0x01, 0x01, 0x01, 0x00, 0x00,
    0x22, 0x01, 0x21, 0x01, 0x01, 0x01, 0x00, 0x00, 0x21, 0x01, 0x22, 0x01,
    0x01, 0x01, 0x00, 0x00, 0x21, 0x01, 0x21, 0x01, 0x01, 0x01, 0x00, 0x00,
    0x22, 0x01, 0x21, 0x01, 0x01, 0x01, 0x00, 0x00, 0x21, 0x01, 0x22, 0x01,
    0x01, 0x01, 0x00, 0x00, 0x21, 0x01, 0x21, 0x01, 0x01, 0x01, 0x00, 0x00,
    0x22, 0x01, 0x21, 0x01, 0x01, 0x01, 0x00, 0x00, 0x21, 0x01, 0x22, 0x01,
    0x01, 0x01, 0x00, 0x00, 0x21, 0x01, 0x21, 0x01, 0x01, 0x01, 0x00, 0x00,
    0x22, 0x01, 0x21, 0x01, 0x01, 0x01, 0x00, 0x00, 0x21, 0x01, 0x22, 0x01,
    0x01, 0x01, 0x00, 0x00, 0x21, 0x01, 0x21, 0x01, 0x01, 0x01, 0x00, 0x00,
    0x22, 0x01, 0x21, 0x01, 0x01, 0x01, 0x00, 0x00, 0x21, 0x01, 0x22, 0x01,
    0x01, 0x01, 0x00, 0x00, 0x21, 0x01, 0x21, 0x01, 0x01, 0x01, 0x00, 0x00,
    0x22, 0x01, 0x21, 0x01, 0x01, 0x01, 0x00, 0x00, 0x21, 0x01, 0x22, 0x01,
    0x01, 0x01, 0x00, 0x00, 0x21, 0x01, 0x21, 0x01, 0x01, 0x01, 0x00, 0x00,
    0x22, 0x01, 0x21, 0x01, 0x01, 0x01, 0x00, 0x00, 0x21, 0x01, 0x22, 0x01,
    0x01, 0x01, 0x00, 0x00, 0x21, 0x01, 0x21, 0x01, 0x01, 0x01, 0x00, 0x00,
    0x22, 0x01, 0x21, 0x01, 0x01, 0x01, 0x00, 0x00, 0x21, 0x01, 0x22, 0x01,
    0x01, 0x01, 0x00, 0x00, 0x21, 0x01, 0x21, 0x01, 0x01, 0x01, 0x00, 0x00,
    0x22, 0x01, 0x21, 0x01, 0x01, 0x01, 0x00, 0x00, 0x21, 0x01, 0x22, 0x01,
    0x01, 0x01, 0x00, 0x00, 0x21, 0x01, 0x21, 0x01, 0x01, 0x01, 0x00, 0x00,
    0x22, 0x01, 0x21, 0x01, 0x01, 0x01, 0x00, 0x00, 0x21, 0x01, 0x22, 0x01,
    0x01, 0x01, 0x00, 0x00, 0x21, 0x01, 0x21, 0x01, 0x01, 0x01, 0x00, 0x00,
    0x22, 0x01, 0x21, 0x01, 0x01, 0x01, 0x00, 0x00, 0x20, 0x29, 0x20, 0x29,
    0x00, 0x29, 0x00, 0x00, 0x20, 0x29, 0x20, 0x29, 0x00, 0x29, 0x00, 0x00,
    0x20, 0x29, 0x20, 0x29, 0x00, 0x29, 0x00, 0x00, 0x20, 0x29, 0x20, 0x29,
    0x00, 0x29, 0x00, 0x00, 0x20, 0x29, 0x20, 0x29, 0x00, 0x29, 0x00, 0x00,
    0x20, 0x29, 0x20, 0x29, 0x00, 0x29, 0x00, 0x00, 0x20, 0x29, 0x20, 0x29,
    0x00, 0x29, 0x00, 0x00, 0x20, 0x29, 0x20, 0x29, 0x00, 0x29, 0x00, 0x00,
    0x20, 0x29, 0x20, 0x29, 0x00, 0x29, 0x00, 0x00, 0x20, 0x29, 0x20, 0x29,
    0x00, 0x29, 0x00, 0x00, 0x20, 0x29, 0x20, 0x29, 0x00, 0x29, 0x00, 0x00,
    0x20, 0x29, 0x20, 0x29, 0x00, 0x29, 0x00, 0x00, 0x20, 0x29, 0x20, 0x29,
    0x00, 0x29, 0x00, 0x00, 0x41, 0x28, 0x41, 0x30, 0x41, 0x28, 0x00, 0x00,
    0x41, 0x28, 0x41, 0x28, 0x41, 0x28, 0x00, 0x00, 0x41, 0x28, 0x41, 0x28,
    0x41, 0x28, 0x00, 0x00, 0x41, 0x30, 0x41, 0x28, 0x41, 0x28, 0x00, 0x00,
    0x41, 0x28, 0x41, 0x30, 0x41, 0x28, 0x00, 0x00, 0x41, 0x28, 0x41, 0x28,
    0x01, 0x01, 0x21, 0x01, 0x01, 0x01, 0x00, 0x00, 0x21, 0x01, 0x21, 0x01,
    0x02, 0x01, 0x00, 0x00, 0x01, 0x01, 0x22, 0x01, 0x21, 0x01, 0x00, 0x00,
    0x01, 0x01, 0x21, 0x01, 0x21, 0x01, 0x00, 0x00, 0x02, 0x01, 0x21, 0x01,
    0x21, 0x01, 0x00, 0x00, 0x01, 0x01, 0x21, 0x01, 0x22, 0x01, 0x00, 0x00,
    0x01, 0x01, 0x21, 0x01, 0x22, 0x01, 0x00, 0x00, 0x01, 0x01, 0x21, 0x01,
    0x21, 0x01, 0x00, 0x00, 0x01, 0x01, 0x21, 0x01, 0x22, 0x01, 0x00, 0x00,
    0x01, 0x01, 0x21, 0x01, 0x22, 0x01, 0x00, 0x00, 0x01, 0x01, 0x21, 0x01,
    0x21, 0x01, 0x00, 0x00, 0x01, 0x01, 0x21, 0x01, 0x22, 0x01, 0x00, 0x00,
    0x01, 0x01, 0x21, 0x01, 0x22, 0x01, 0x00, 0x00, 0x01, 0x01, 0x21, 0x01,
    0x21, 0x01, 0x00, 0x00, 0x01, 0x01, 0x21, 0x01, 0x22, 0x01, 0x00, 0x00,
    0x01, 0x01, 0x21, 0x01, 0x22, 0x01, 0x00, 0x00, 0x01, 0x01, 0x21, 0x01,
    0x21, 0x01, 0x00, 0x00, 0x01, 0x01, 0x21, 0x01, 0x22, 0x01, 0x00, 0x00,
    0x01, 0x01, 0x21, 0x01, 0x22, 0x01, 0x00, 0x00, 0x01, 0x01, 0x21, 0x01,
    0x21, 0x01, 0x00, 0x00, 0x01, 0x01, 0x21, 0x01, 0x22, 0x01, 0x00, 0x00,
    0x01, 0x01, 0x21, 0x01, 0x22, 0x01, 0x00, 0x00, 0x01, 0x01, 0x21, 0x01,
    0x21, 0x01, 0x00, 0x00, 0x01, 0x01, 0x21, 0x01, 0x22, 0x01, 0x00, 0x00,
    0x01, 0x01, 0x21, 0x01, 0x22, 0x01, 0x00, 0x00, 0x01, 0x01, 0x21, 0x01,
    0x21, 0x01, 0x00, 0x00, 0x01, 0x01, 0x21, 0x01, 0x22, 0x01, 0x00, 0x00,
    0x01, 0x01, 0x21, 0x01, 0x22, 0x01, 0x00, 0x00, 0x01, 0x01, 0x21, 0x01,
    0x21, 0x01, 0x00, 0x00, 0x01, 0x01, 0x21, 0x01, 0x22, 0x01, 0x00, 0x00,
    0x01, 0x01, 0x21, 0x01, 0x22, 0x01, 0x00, 0x00, 0x01, 0x01, 0x21, 0x01,
    0x21, 0x01, 0x00, 0x00, 0x01, 0x01, 0x21, 0x01, 0x22, 0x01, 0x00, 0x00,
    0x01, 0x01, 0x21, 0x01, 0x22, 0x01, 0x00, 0x00, 0x01, 0x01, 0x21, 0x01,
    0x21, 0x01, 0x00, 0x00, 0x01, 0x01, 0x21, 0x01, 0x22, 0x01, 0x00, 0x00,
    0x01, 0x01, 0x21, 0x01, 0x22, 0x01, 0x00, 0x00, 0x01, 0x01, 0x21, 0x01,
    0x21, 0x01, 0x00, 0x00, 0x01, 0x01, 0x21, 0x01, 0x22, 0x01, 0x00, 0x00,
    0x01, 0x01, 0x21, 0x01, 0x22, 0x01, 0x00, 0x00, 0x01, 0x01, 0x21, 0x01,
    0x21, 0x01, 0x00, 0x00, 0x01, 0x01, 0x21, 0x01, 0x22, 0x01, 0x00, 0x00,
    0x01, 0x01, 0x22, 0x01, 0x21, 0x01, 0x00, 0x00, 0x01, 0x01, 0x21, 0x01,
    0x22, 0x01, 0x00, 0x00, 0x00, 0x29, 0x20, 0x29, 0x20, 0x29, 0x00, 0x00,
    0x00, 0x29, 0x20, 0x29, 0x20, 0x29, 0x00, 0x00, 0x00, 0x29, 0x20, 0x29,
    0x20, 0x29, 0x00, 0x00, 0x00, 0x29, 0x20, 0x29, 0x20, 0x29, 0x00, 0x00,
    0x00, 0x29, 0x20, 0x29, 0x20, 0x29, 0x00, 0x00, 0x00, 0x29, 0x20, 0x29,
    0x20, 0x29, 0x00, 0x00, 0x00, 0x29, 0x20, 0x29, 0x20, 0x29, 0x00, 0x00,
    0x00, 0x29, 0x20, 0x29, 0x20, 0x29, 0x00, 0x00, 0x00, 0x29, 0x20, 0x29,
    0x20, 0x29, 0x00, 0x00, 0x00, 0x29, 0x20, 0x29, 0x20, 0x29, 0x00, 0x00,
    0x00, 0x29, 0x20, 0x29, 0x20, 0x29, 0x00, 0x00, 0x00, 0x29, 0x20, 0x29,
    0x20, 0x29, 0x00, 0x00, 0x00, 0x29, 0x20, 0x29, 0x20, 0x29, 0x00, 0x00,
    0x41, 0x28, 0x41, 0x28, 0x41, 0x30, 0x00, 0x00, 0x41, 0x28, 0x41, 0x30,
    0x41, 0x28, 0x00, 0x00, 0x41, 0x30, 0x41, 0x28, 0x41, 0x28, 0x00, 0x00,
    0x41, 0x28, 0x41, 0x30, 0x41, 0x28, 0x00, 0x00, 0x41, 0x28, 0x41, 0x28,
    0x41, 0x30, 0x00, 0x00, 0x41, 0x28, 0x41, 0x28, 0x01, 0x01, 0x21, 0x01,
    0x01, 0x01, 0x00, 0x00, 0x21, 0x01, 0x01, 0x01, 0x21, 0x01, 0x00, 0x00,
    0x01, 0x01, 0x01, 0x01, 0x22, 0x01, 0x00, 0x00, 0x01, 0x01, 0x02, 0x01,
    0x21, 0x01, 0x00, 0x00, 0x01, 0x01, 0x02, 0x01, 0x21, 0x01, 0x00, 0x00,
    0x02, 0x01, 0x01, 0x01, 0x21, 0x01, 0x00, 0x00, 0x01, 0x01, 0x02, 0x01,
    0x21, 0x01, 0x00, 0x00, 0x01, 0x01, 0x02, 0x01, 0x21, 0x01, 0x00, 0x00,
    0x02, 0x01, 0x01, 0x01, 0x21, 0x01, 0x00, 0x00, 0x01, 0x01, 0x02, 0x01,
    0x21, 0x01, 0x00, 0x00, 0x01, 0x01, 0x02, 0x01, 0x21, 0x01, 0x00, 0x00,
    0x02, 0x01, 0x01, 0x01, 0x21, 0x01, 0x00, 0x00, 0x01, 0x01, 0x02, 0x01,
    0x21, 0x01, 0x00, 0x00, 0x01, 0x01, 0x02, 0x01, 0x21, 0x01, 0x00, 0x00,
    0x02, 0x01, 0x01, 0x01, 0x21, 0x01, 0x00, 0x00, 0x01, 0x01, 0x02, 0x01,
    0x21, 0x01, 0x00, 0x00, 0x01, 0x01, 0x02, 0x01, 0x21, 0x01, 0x00, 0x00,
    0x02, 0x01, 0x01, 0x01, 0x21, 0x01, 0x00, 0x00, 0x01, 0x01, 0x02, 0x01,
    0x21, 0x01, 0x00, 0x00, 0x01, 0x01, 0x02, 0x01, 0x21, 0x01, 0x00, 0x00,
    0x02, 0x01, 0x01, 0x01, 0x21, 0x01, 0x00, 0x00, 0x01, 0x01, 0x02, 0x01,
    0x21, 0x01, 0x00, 0x00, 0x01, 0x01, 0x02, 0x01, 0x21, 0x01, 0x00, 0x00,
    0x02, 0x01, 0x01, 0x01, 0x21, 0x01, 0x00, 0x00, 0x01, 0x01, 0x02, 0x01,
    0x21, 0x01, 0x00, 0x00, 0x01, 0x01, 0x02, 0x01, 0x21, 0x01, 0x00, 0x00,
    0x02, 0x01, 0x01, 0x01, 0x21, 0x01, 0x00, 0x00, 0x01, 0x01, 0x02, 0x01,
    0x21, 0x01, 0x00, 0x00, 0x01, 0x01, 0x02, 0x01, 0x21, 0x01, 0x00, 0x00,
    0x02, 0x01, 0x01, 0x01, 0x21, 0x01, 0x00, 0x00, 0x01, 0x01, 0x02, 0x01,
    0x21, 0x01, 0x00, 0x00, 0x01, 0x01, 0x02, 0x01, 0x21, 0x01, 0x00, 0x00,
    0x02, 0x01, 0x01, 0x01, 0x21, 0x01, 0x00, 0x00, 0x01, 0x01, 0x02, 0x01,
    0x21, 0x01, 0x00, 0x00, 0x01, 0x01, 0x02, 0x01, 0x21, 0x01, 0x00, 0x00,
    0x02, 0x01, 0x01, 0x01, 0x21, 0x01, 0x00, 0x00, 0x01, 0x01, 0x02, 0x01,
    0x21, 0x01, 0x00, 0x00, 0x01, 0x01, 0x02, 0x01, 0x21, 0x01, 0x00, 0x00,
    0x02, 0x01, 0x01, 0x01, 0x21, 0x01, 0x00, 0x00, 0x01, 0x01, 0x02, 0x01,
    0x21, 0x01, 0x00, 0x00, 0x01, 0x01, 0x02, 0x01, 0x21, 0x01, 0x00, 0x00,
    0x02, 0x01, 0x01, 0x01, 0x21, 0x01, 0x00, 0x00, 0x01, 0x01, 0x02, 0x01,
    0x21, 0x01, 0x00, 0x00, 0x01, 0x01, 0x01, 0x01, 0x21, 0x01, 0x00, 0x00,
    0x00, 0x29, 0x00, 0x29, 0x20, 0x29, 0x00, 0x00, 0x00, 0x29, 0x00, 0x29,
    0x20, 0x29, 0x00, 0x00, 0x00, 0x29, 0x00, 0x29, 0x20, 0x29, 0x00, 0x00,
    0x00, 0x29, 0x00, 0x29, 0x20, 0x29, 0x00, 0x00, 0x00, 0x29, 0x00, 0x29,
    0x20, 0x29, 0x00, 0x00, 0x00, 0x29, 0x00, 0x29, 0x20, 0x29, 0x00, 0x00,
    0x00, 0x29, 0x00, 0x29, 0x20, 0x29, 0x00, 0x00, 0x00, 0x29, 0x00, 0x29,
    0x20, 0x29, 0x00, 0x00, 0x00, 0x29, 0x00, 0x29, 0x20, 0x29, 0x00, 0x00,
    0x00, 0x29, 0x00, 0x29, 0x20, 0x29, 0x00, 0x00, 0x00, 0x29, 0x00, 0x29,
    0x20, 0x29, 0x00, 0x00, 0x00, 0x29, 0x00, 0x29, 0x20, 0x29, 0x00, 0x00,
    0x00, 0x29, 0x00, 0x29, 0x20, 0x29, 0x00, 0x00, 0x41, 0x28, 0x41, 0x28,
    0x41, 0x28, 0x00, 0x00, 0x41, 0x28, 0x41, 0x30, 0x41, 0x28, 0x00, 0x00,
    0x41, 0x28, 0x41, 0x30, 0x41, 0x28, 0x00, 0x00, 0x41, 0x28, 0x41, 0x28,
    0x41, 0x30, 0x00, 0x00, 0x41, 0x28, 0x41, 0x28, 0x41, 0x28, 0x00, 0x00,
    0x41, 0x30, 0x41, 0x28, 0x21, 0x01, 0x02, 0x01, 0x21, 0x01, 0x00, 0x00,
    0x02, 0x01, 0x01, 0x01, 0x21, 0x01, 0x00, 0x00, 0x21, 0x01, 0x01, 0x01,
    0x01, 0x01, 0x00, 0x00, 0x21, 0x01, 0x01, 0x01, 0x02, 0x01, 0x00, 0x00,
    0x21, 0x01, 0x01, 0x01, 0x01, 0x01, 0x00, 0x00, 0x21, 0x01, 0x01, 0x01,
    0x01, 0x01, 0x00, 0x00, 0x21, 0x01, 0x01, 0x01, 0x01, 0x01, 0x00, 0x00,
    0x21, 0x01, 0x01, 0x01, 0x02, 0x01, 0x00, 0x00, 0x21, 0x01, 0x01, 0x01,
    0x01, 0x01, 0x00, 0x00, 0x21, 0x01, 0x01, 0x01, 0x01, 0x01, 0x00, 0x00,
    0x21, 0x01, 0x01, 0x01, 0x02, 0x01, 0x00, 0x00, 0x21, 0x01, 0x01, 0x01,
    0x01, 0x01, 0x00, 0x00, 0x21, 0x01, 0x01, 0x01, 0x01, 0x01, 0x00, 0x00,
    0x21, 0x01, 0x01, 0x01, 0x02, 0x01, 0x00, 0x00, 0x21, 0x01, 0x01, 0x01,
    0x01, 0x01, 0x00, 0x00, 0x21, 0x01, 0x01, 0x01, 0x01, 0x01, 0x00, 0x00,
    0x21, 0x01, 0x01, 0x01, 0x02, 0x01, 0x00, 0x00, 0x21, 0x01, 0x01, 0x01,
    0x01, 0x01, 0x00, 0x00, 0x21, 0x01, 0x01, 0x01, 0x01, 0x01, 0x00, 0x00,
    0x21, 0x01, 0x01, 0x01, 0x02, 0x01, 0x00, 0x00, 0x21, 0x01, 0x01, 0x01,
    0x01, 0x01, 0x00, 0x00, 0x21, 0x01, 0x01, 0x01, 0x01, 0x01, 0x00, 0x00,
    0x21, 0x01, 0x01, 0x01, 0x02, 0x01, 0x00, 0x00, 0x21, 0x01, 0x01, 0x01,
    0x01, 0x01, 0x00, 0x00, 0x21, 0x01, 0x01, 0x01, 0x01, 0x01, 0x00, 0x00,
    0x21, 0x01, 0x01, 0x01, 0x02, 0x01, 0x00, 0x00, 0x21, 0x01, 0x01, 0x01,
    0x01, 0x01, 0x00, 0x00, 0x21, 0x01, 0x01, 0x01, 0x01, 0x01, 0x00, 0x00,
    0x21, 0x01, 0x01, 0x01, 0x02, 0x01, 0x00, 0x00, 0x21, 0x01, 0x01, 0x01,
    0x01, 0x01, 0x00, 0x00, 0x21, 0x01, 0x01, 0x01, 0x01, 0x01, 0x00, 0x00,
    0x21, 0x01, 0x01, 0x01, 0x02, 0x01, 0x00, 0x00, 0x21, 0x01, 0x01, 0x01,
    0x01, 0x01, 0x00, 0x00, 0x21, 0x01, 0x01, 0x01, 0x01, 0x01, 0x00, 0x00,
    0x21, 0x01, 0x01, 0x01, 0x02, 0x01, 0x00, 0x00, 0x21, 0x01, 0x01, 0x01,
    0x01, 0x01, 0x00, 0x00, 0x21, 0x01, 0x01, 0x01, 0x01, 0x01, 0x00, 0x00,
    0x21, 0x01, 0x01, 0x01, 0x02, 0x01, 0x00, 0x00, 0x21, 0x01, 0x01, 0x01,
    0x01, 0x01, 0x00, 0x00, 0x21, 0x01, 0x01, 0x01, 0x01, 0x01, 0x00, 0x00,
    0x21, 0x01, 0x01, 0x01, 0x02, 0x01, 0x00, 0x00, 0x21, 0x01, 0x01, 0x01,
    0x01, 0x01, 0x00, 0x00, 0x21, 0x01, 0x01, 0x01, 0x01, 0x01, 0x00, 0x00,
    0x22, 0x01, 0x01, 0x01, 0x01, 0x01, 0x00, 0x00, 0x20, 0x29, 0x00, 0x29,
    0x00, 0x29, 0x00, 0x00, 0x20, 0x29, 0x00, 0x29, 0x00, 0x29, 0x00, 0x00,
    0x20, 0x29, 0x00, 0x29, 0x00, 0x29, 0x00, 0x00, 0x20, 0x29, 0x00, 0x29,
    0x00, 0x29, 0x00, 0x00, 0x20, 0x29, 0x00, 0x29, 0x00, 0x29, 0x00, 0x00,
    0x20, 0x29, 0x00, 0x29, 0x00, 0x29, 0x00, 0x00, 0x20, 0x29, 0x00, 0x29,
    0x00, 0x29, 0x00, 0x00, 0x20, 0x29, 0x00, 0x29, 0x00, 0x29, 0x00, 0x00,
    0x20, 0x29, 0x00, 0x29, 0x00, 0x29, 0x00, 0x00, 0x20, 0x29, 0x00, 0x29,
    0x00, 0x29, 0x00, 0x00, 0x20, 0x29, 0x00, 0x29, 0x00, 0x29, 0x00, 0x00,
    0x20, 0x29, 0x00, 0x29, 0x00, 0x29, 0x00, 0x00, 0x20, 0x29, 0x00, 0x29,
    0x00, 0x29, 0x00, 0x00, 0x41, 0x28, 0x41, 0x30, 0x41, 0x28, 0x00, 0x00,
    0x41, 0x28, 0x41, 0x28, 0x41, 0x28, 0x00, 0x00, 0x41, 0x28, 0x41, 0x28,
    0x41, 0x30, 0x00, 0x00, 0x41, 0x28, 0x41, 0x28, 0x41, 0x28, 0x00, 0x00,
    0x41, 0x30, 0x41, 0x28, 0x41, 0x28, 0x00, 0x00, 0x41, 0x28, 0x41, 0x28,
    0x01, 0x01, 0x21, 0x01, 0x01, 0x01, 0x00, 0x00, 0x22, 0x01, 0x21, 0x01,
    0x02, 0x01, 0x00, 0x00, 0x22, 0x01, 0x21, 0x01, 0x01, 0x01, 0x00, 0x00,
    0x22, 0x01, 0x21, 0x01, 0x01, 0x01, 0x00, 0x00, 0x21, 0x01, 0x22, 0x01,
    0x01, 0x01, 0x00, 0x00, 0x22, 0x01, 0x21, 0x01, 0x02, 0x01, 0x00, 0x00,
    0x21, 0x01, 0x22, 0x01, 0x01, 0x01, 0x00, 0x00, 0x22, 0x01, 0x21, 0x01,
    0x01, 0x01, 0x00, 0x00, 0x21, 0x01, 0x22, 0x01, 0x01, 0x01, 0x00, 0x00,
    0x22, 0x01, 0x21, 0x01, 0x01, 0x01, 0x00, 0x00, 0x22, 0x01, 0x21, 0x01,
    0x01, 0x01, 0x00, 0x00, 0x21, 0x01, 0x22, 0x01, 0x01, 0x01, 0x00, 0x00,
    0x22, 0x01, 0x21, 0x01, 0x01, 0x01, 0x00, 0x00, 0x22, 0x01, 0x21, 0x01,
    0x01, 0x01, 0x00, 0x00, 0x21, 0x01, 0x22, 0x01, 0x01, 0x01, 0x00, 0x00,
    0x22, 0x01, 0x21, 0x01, 0x01, 0x01, 0x00, 0x00, 0x22, 0x01, 0x21, 0x01,
    0x01, 0x01, 0x00, 0x00, 0x21, 0x01, 0x22, 0x01, 0x01, 0x01, 0x00, 0x00,
    0x22, 0x01, 0x21, 0x01, 0x01, 0x01, 0x00, 0x00, 0x22, 0x01, 0x21, 0x01,
    0x01, 0x01, 0x00, 0x00, 0x21, 0x01, 0x22, 0x01, 0x01, 0x01, 0x00, 0x00,
    0x22, 0x01, 0x21, 0x01, 0x01, 0x01, 0x00, 0x00, 0x22, 0x01, 0x21, 0x01,
    0x01, 0x01, 0x00, 0x00, 0x21, 0x01, 0x22, 0x01, 0x01, 0x01, 0x00, 0x00,
    0x22, 0x01, 0x21, 0x01, 0x01, 0x01, 0x00, 0x00, 0x22, 0x01, 0x21, 0x01,
    0x01, 0x01, 0x00, 0x00, 0x21, 0x01, 0x22, 0x01, 0x01, 0x01, 0x00, 0x00,
    0x22, 0x01, 0x21, 0x01, 0x01, 0x01, 0x00, 0x00, 0x22, 0x01, 0x21, 0x01,
    0x01, 0x01, 0x00, 0x00, 0x21, 0x01, 0x22, 0x01, 0x01, 0x01, 0x00, 0x00,
    0x22, 0x01, 0x21, 0x01, 0x01, 0x01, 0x00, 0x00, 0x22, 0x01, 0x21, 0x01,
    0x01, 0x01, 0x00, 0x00, 0x21, 0x01, 0x22, 0x01, 0x01, 0x01, 0x00, 0x00,
    0x22, 0x01, 0x21, 0x01, 0x01, 0x01, 0x00, 0x00, 0x22, 0x01, 0x21, 0x01,
    0x01, 0x01, 0x00, 0x00, 0x21, 0x01, 0x22, 0x01, 0x01, 0x01, 0x00, 0x00,
    0x22, 0x01, 0x21, 0x01, 0x01, 0x01, 0x00, 0x00, 0x22, 0x01, 0x21, 0x01,
    0x01, 0x01, 0x00, 0x00, 0x21, 0x01, 0x22, 0x01, 0x01, 0x01, 0x00, 0x00,
    0x22, 0x01, 0x21, 0x01, 0x01, 0x01, 0x00, 0x00, 0x22, 0x01, 0x21, 0x01,
    0x01, 0x01, 0x00, 0x00, 0x21, 0x01, 0x22, 0x01, 0x01, 0x01, 0x00, 0x00,
    0x22, 0x01, 0x21, 0x01, 0x01, 0x01, 0x00, 0x00, 0x22, 0x01, 0x21, 0x01,
    0x02, 0x01, 0x00, 0x00, 0x20, 0x29, 0x20, 0x29, 0x00, 0x29, 0x00, 0x00,
    0x20, 0x29, 0x20, 0x29, 0x00, 0x29, 0x00, 0x00, 0x20, 0x29, 0x20, 0x29,
    0x00, 0x29, 0x00, 0x00, 0x20, 0x29, 0x20, 0x29, 0x00, 0x29, 0x00, 0x00,
    0x20, 0x29, 0x20, 0x29, 0x00, 0x29, 0x00, 0x00, 0x20, 0x29, 0x20, 0x29,
    0x00, 0x29, 0x00, 0x00, 0x20, 0x29, 0x20, 0x29, 0x00, 0x29, 0x00, 0x00,
    0x20, 0x29, 0x20, 0x29, 0x00, 0x29, 0x00, 0x00, 0x20, 0x29, 0x20, 0x29,
    0x00, 0x29, 0x00, 0x00, 0x20, 0x29, 0x20, 0x29, 0x00, 0x29, 0x00, 0x00,
    0x20, 0x29, 0x20, 0x29, 0x00, 0x29, 0x00, 0x00, 0x20, 0x29, 0x20, 0x29,
    0x00, 0x29, 0x00, 0x00, 0x20, 0x29, 0x20, 0x29, 0x00, 0x29, 0x00, 0x00,
    0x41, 0x28, 0x41, 0x28, 0x41, 0x30, 0x00, 0x00, 0x41, 0x28, 0x41, 0x30,
    0x41, 0x28, 0x00, 0x00, 0x41, 0x28, 0x41, 0x28, 0x41, 0x28, 0x00, 0x00,
    0x41, 0x30, 0x41, 0x28, 0x41, 0x28, 0x00, 0x00, 0x41, 0x28, 0x41, 0x30,
    0x41, 0x28, 0x00, 0x00, 0x41, 0x28, 0x41, 0x28, 0x01, 0x01, 0x21, 0x01,
    0x02, 0x01, 0x00, 0x00, 0x21, 0x01, 0x01, 0x01, 0x01, 0x01, 0x00, 0x00,
    0x01, 0x01, 0x22, 0x01, 0x21, 0x01, 0x00, 0x00, 0x01, 0x01, 0x21, 0x01,
    0x21, 0x01, 0x00, 0x00, 0x01, 0x01, 0x21, 0x01, 0x22, 0x01, 0x00, 0x00,
    0x01, 0x01, 0x21, 0x01, 0x21, 0x01, 0x00, 0x00, 0x01, 0x01, 0x22, 0x01,
    0x21, 0x01, 0x00, 0x00, 0x01, 0x01, 0x21, 0x01, 0x21, 0x01, 0x00, 0x00,
    0x01, 0x01, 0x22, 0x01, 0x21, 0x01, 0x00, 0x00, 0x01, 0x01, 0x22, 0x01,
    0x21, 0x01, 0x00, 0x00, 0x01, 0x01, 0x21, 0x01, 0x21, 0x01, 0x00, 0x00,
    0x01, 0x01, 0x22, 0x01, 0x21, 0x01, 0x00, 0x00, 0x01, 0x01, 0x22, 0x01,
    0x21, 0x01, 0x00, 0x00, 0x01, 0x01, 0x21, 0x01, 0x21, 0x01, 0x00, 0x00,
    0x01, 0x01, 0x22, 0x01, 0x21, 0x01, 0x00, 0x00, 0x01, 0x01, 0x22, 0x01,
    0x21, 0x01, 0x00, 0x00, 0x01, 0x01, 0x21, 0x01, 0x21, 0x01, 0x00, 0x00,
    0x01, 0x01, 0x22, 0x01, 0x21, 0x01, 0x00, 0x00, 0x01, 0x01, 0x22, 0x01,
    0x21, 0x01, 0x00, 0x00, 0x01, 0x01, 0x21, 0x01, 0x21, 0x01, 0x00, 0x00,
    0x01, 0x01, 0x22, 0x01, 0x21, 0x01, 0x00, 0x00, 0x01, 0x01, 0x22, 0x01,
    0x21, 0x01, 0x00, 0x00, 0x01, 0x01, 0x21, 0x01, 0x21, 0x01, 0x00, 0x00,
    0x01, 0x01, 0x22, 0x01, 0x21, 0x01, 0x00, 0x00, 0x01, 0x01, 0x22, 0x01,
    0x21, 0x01, 0x00, 0x00, 0x01, 0x01, 0x21, 0x01, 0x21, 0x01, 0x00, 0x00,
    0x01, 0x01, 0x22, 0x01, 0x21, 0x01, 0x00, 0x00, 0x01, 0x01, 0x22, 0x01,
    0x21, 0x01, 0x00, 0x00, 0x01, 0x01, 0x21, 0x01, 0x21, 0x01, 0x00, 0x00,
    0x01, 0x01, 0x22, 0x01, 0x21, 0x01, 0x00, 0x00, 0x01, 0x01, 0x22, 0x01,
    0x21, 0x01, 0x00, 0x00, 0x01, 0x01, 0x21, 0x01, 0x21, 0x01, 0x00, 0x00,
    0x01, 0x01, 0x22, 0x01, 0x21, 0x01, 0x00, 0x00, 0x01, 0x01, 0x22, 0x01,
    0x21, 0x01, 0x00, 0x00, 0x01, 0x01, 0x21, 0x01, 0x21, 0x01, 0x00, 0x00,
    0x01, 0x01, 0x22, 0x01, 0x21, 0x01, 0x00, 0x00, 0x01, 0x01, 0x22, 0x01,
    0x21, 0x01, 0x00, 0x00, 0x01, 0x01, 0x21, 0x01, 0x21, 0x01, 0x00, 0x00,
    0x01, 0x01, 0x22, 0x01, 0x21, 0x01, 0x00, 0x00, 0x01, 0x01, 0x22, 0x01,
    0x21, 0x01, 0x00, 0x00, 0x01, 0x01, 0x21, 0x01, 0x21, 0x01, 0x00, 0x00,
    0x01, 0x01, 0x22, 0x01, 0x21, 0x01, 0x00, 0x00, 0x01, 0x01, 0x22, 0x01,
    0x21, 0x01, 0x00, 0x00, 0x01, 0x01, 0x21, 0x01, 0x21, 0x01, 0x00, 0x00,
    0x00, 0x29, 0x20, 0x29, 0x20, 0x29, 0x00, 0x00, 0x00, 0x29, 0x20, 0x29,
    0x20, 0x29, 0x00, 0x00, 0x00, 0x29, 0x20, 0x29, 0x20, 0x29, 0x00, 0x00,
    0x00, 0x29, 0x20, 0x29, 0x20, 0x29, 0x00, 0x00, 0x00, 0x29, 0x20, 0x29,
    0x20, 0x29, 0x00, 0x00, 0x00, 0x29, 0x20, 0x29, 0x20, 0x29, 0x00, 0x00,
    0x00, 0x29, 0x20, 0x29, 0x20, 0x29, 0x00, 0x00, 0x00, 0x29, 0x20, 0x29,
    0x20, 0x29, 0x00, 0x00, 0x00, 0x29, 0x20, 0x29, 0x20, 0x29, 0x00, 0x00,
    0x00, 0x29, 0x20, 0x29, 0x20, 0x29, 0x00, 0x00, 0x00, 0x29, 0x20, 0x29,
    0x20, 0x29, 0x00, 0x00, 0x00, 0x29, 0x20, 0x29, 0x20, 0x29, 0x00, 0x00,
    0x00, 0x29, 0x20, 0x29, 0x20, 0x29, 0x00, 0x00, 0x41, 0x28, 0x41, 0x28,
    0x41, 0x28, 0x00, 0x00, 0x41, 0x28, 0x41, 0x28, 0x41, 0x30, 0x00, 0x00,
    0x41, 0x30, 0x41, 0x28, 0x41, 0x28, 0x00, 0x00, 0x41, 0x28, 0x41, 0x30,
    0x41, 0x28, 0x00, 0x00, 0x41, 0x28, 0x41, 0x28, 0x41, 0x30, 0x00, 0x00,
    0x41, 0x28, 0x41, 0x30, 0x21, 0x01, 0x01, 0x01, 0x21, 0x01, 0x00, 0x00,
    0x01, 0x01, 0x21, 0x01, 0x21, 0x01, 0x00, 0x00, 0x01, 0x01, 0x01, 0x01,
    0x22, 0x01, 0x00, 0x00, 0x01, 0x01, 0x02, 0x01, 0x21, 0x01, 0x00, 0x00,
    0x02, 0x01, 0x01, 0x01, 0x21, 0x01, 0x00, 0x00, 0x01, 0x01, 0x01, 0x01,
    0x22, 0x01, 0x00, 0x00, 0x01, 0x01, 0x01, 0x01, 0x21, 0x01, 0x00, 0x00,
    0x01, 0x01, 0x02, 0x01, 0x21, 0x01, 0x00, 0x00, 0x01, 0x01, 0x01, 0x01,
    0x21, 0x01, 0x00, 0x00, 0x01, 0x01, 0x01, 0x01, 0x22, 0x01, 0x00, 0x00,
    0x01, 0x01, 0x02, 0x01, 0x21, 0x01, 0x00, 0x00, 0x01, 0x01, 0x01, 0x01,
    0x21, 0x01, 0x00, 0x00, 0x01, 0x01, 0x01, 0x01, 0x22, 0x01, 0x00, 0x00,
    0x01, 0x01, 0x02, 0x01, 0x21, 0x01, 0x00, 0x00, 0x01, 0x01, 0x01, 0x01,
    0x21, 0x01, 0x00, 0x00, 0x01, 0x01, 0x01, 0x01, 0x22, 0x01, 0x00, 0x00,
    0x01, 0x01, 0x02, 0x01, 0x21, 0x01, 0x00, 0x00, 0x01, 0x01, 0x01, 0x01,
    0x21, 0x01, 0x00, 0x00, 0x01, 0x01, 0x01, 0x01, 0x22, 0x01, 0x00, 0x00,
    0x01, 0x01, 0x02, 0x01, 0x21, 0x01, 0x00, 0x00, 0x01, 0x01, 0x01, 0x01,
    0x21, 0x01, 0x00, 0x00, 0x01, 0x01, 0x01, 0x01, 0x22, 0x01, 0x00, 0x00,
    0x01, 0x01, 0x02, 0x01, 0x21, 0x01, 0x00, 0x00, 0x01, 0x01, 0x01, 0x01,
    0x21, 0x01, 0x00, 0x00, 0x01, 0x01, 0x01, 0x01, 0x22, 0x01, 0x00, 0x00,
    0x01, 0x01, 0x02, 0x01, 0x21, 0x01, 0x00, 0x00, 0x01, 0x01, 0x01, 0x01,
    0x21, 0x01, 0x00, 0x00, 0x01, 0x01, 0x01, 0x01, 0x22, 0x01, 0x00, 0x00,
    0x01, 0x01, 0x02, 0x01, 0x21, 0x01, 0x00, 0x00, 0x01, 0x01, 0x01, 0x01,
    0x21, 0x01, 0x00, 0x00, 0x01, 0x01, 0x01, 0x01, 0x22, 0x01, 0x00, 0x00,
    0x01, 0x01, 0x02, 0x01, 0x21, 0x01, 0x00, 0x00, 0x01, 0x01, 0x01, 0x01,
    0x21, 0x01, 0x00, 0x00, 0x01, 0x01, 0x01, 0x01, 0x22, 0x01, 0x00, 0x00,
    0x01, 0x01, 0x02, 0x01, 0x21, 0x01, 0x00, 0x00, 0x01, 0x01, 0x01, 0x01,
    0x21, 0x01, 0x00, 0x00, 0x01, 0x01, 0x01, 0x01, 0x22, 0x01, 0x00, 0x00,
    0x01, 0x01, 0x02, 0x01, 0x21, 0x01, 0x00, 0x00, 0x01, 0x01, 0x01, 0x01,
    0x21, 0x01, 0x00, 0x00, 0x01, 0x01, 0x01, 0x01, 0x22, 0x01, 0x00, 0x00,
    0x01, 0x01, 0x02, 0x01, 0x21, 0x01, 0x00, 0x00, 0x01, 0x01, 0x01, 0x01,
    0x21, 0x01, 0x00, 0x00, 0x01, 0x01, 0x01, 0x01, 0x22, 0x01, 0x00, 0x00,
    0x01, 0x01, 0x01, 0x01, 0x21, 0x01, 0x00, 0x00, 0x00, 0x29, 0x00, 0x29,
    0x20, 0x29, 0x00, 0x00, 0x00, 0x29, 0x00, 0x29, 0x20, 0x29, 0x00, 0x00,
    0x00, 0x29, 0x00, 0x29, 0x20, 0x29, 0x00, 0x00, 0x00, 0x29, 0x00, 0x29,
    0x20, 0x29, 0x00, 0x00, 0x00, 0x29, 0x00, 0x29, 0x20, 0x29, 0x00, 0x00,
    0x00, 0x29, 0x00, 0x29, 0x20, 0x29, 0x00, 0x00, 0x00, 0x29, 0x00, 0x29,
    0x20, 0x29, 0x00, 0x00, 0x00, 0x29, 0x00, 0x29, 0x20, 0x29, 0x00, 0x00,
    0x00, 0x29, 0x00, 0x29, 0x20, 0x29, 0x00, 0x00, 0x00, 0x29, 0x00, 0x29,
    0x20, 0x29, 0x00, 0x00, 0x00, 0x29, 0x00, 0x29, 0x20, 0x29, 0x00, 0x00,
    0x00, 0x29, 0x00, 0x29, 0x20, 0x29, 0x00, 0x00, 0x00, 0x29, 0x00, 0x29,
    0x20, 0x29, 0x00, 0x00, 0x41, 0x28, 0x41, 0x30, 0x41, 0x28, 0x00, 0x00,
    0x41, 0x28, 0x41, 0x28, 0x41, 0x28, 0x00, 0x00, 0x41, 0x28, 0x41, 0x30,
    0x41, 0x28, 0x00, 0x00, 0x41, 0x28, 0x41, 0x28, 0x41, 0x30, 0x00, 0x00,
    0x41, 0x28, 0x41, 0x28, 0x41, 0x28, 0x00, 0x00, 0x41, 0x28, 0x41, 0x28,
    0x01, 0x01, 0x22, 0x01, 0x01, 0x01, 0x00, 0x00, 0x22, 0x01, 0x01, 0x01,
    0x22, 0x01, 0x00, 0x00, 0x21, 0x01, 0x01, 0x01, 0x01, 0x01, 0x00, 0x00,
    0x21, 0x01, 0x02, 0x01, 0x01, 0x01, 0x00, 0x00, 0x21, 0x01, 0x01, 0x01,
    0x01, 0x01, 0x00, 0x00, 0x22, 0x01, 0x01, 0x01, 0x01, 0x01, 0x00, 0x00,
    0x21, 0x01, 0x02, 0x01, 0x01, 0x01, 0x00, 0x00, 0x22, 0x01, 0x01, 0x01,
    0x01, 0x01, 0x00, 0x00, 0x22, 0x01, 0x01, 0x01, 0x01, 0x01, 0x00, 0x00,
    0x22, 0x01, 0x01, 0x01, 0x01, 0x01, 0x00, 0x00, 0x21, 0x01, 0x02, 0x01,
    0x01, 0x01, 0x00, 0x00, 0x22, 0x01, 0x01, 0x01, 0x01, 0x01, 0x00, 0x00,
    0x22, 0x01, 0x01, 0x01, 0x01, 0x01, 0x00, 0x00, 0x21, 0x01, 0x02, 0x01,
    0x01, 0x01, 0x00, 0x00, 0x22, 0x01, 0x01, 0x01, 0x01, 0x01, 0x00, 0x00,
    0x22, 0x01, 0x01, 0x01, 0x01, 0x01, 0x00, 0x00, 0x21, 0x01, 0x02, 0x01,
    0x01, 0x01, 0x00, 0x00, 0x22, 0x01, 0x01, 0x01, 0x01, 0x01, 0x00, 0x00,
    0x22, 0x01, 0x01, 0x01, 0x01, 0x01, 0x00, 0x00, 0x21, 0x01, 0x02, 0x01,
    0x01, 0x01, 0x00, 0x00, 0x22, 0x01, 0x01, 0x01, 0x01, 0x01, 0x00, 0x00,
    0x22, 0x01, 0x01, 0x01, 0x01, 0x01, 0x00, 0x00, 0x21, 0x01, 0x02, 0x01,
    0x01, 0x01, 0x00, 0x00, 0x22, 0x01, 0x01, 0x01, 0x01, 0x01, 0x00, 0x00,
    0x22, 0x01, 0x01, 0x01, 0x01, 0x01, 0x00, 0x00, 0x21, 0x01, 0x02, 0x01,
    0x01, 0x01, 0x00, 0x00, 0x22, 0x01, 0x01, 0x01, 0x01, 0x01, 0x00, 0x00,
    0x22, 0x01, 0x01, 0x01, 0x01, 0x01, 0x00, 0x00, 0x21, 0x01, 0x02, 0x01,
    0x01, 0x01, 0x00, 0x00, 0x22, 0x01, 0x01, 0x01, 0x01, 0x01, 0x00, 0x00,
    0x22, 0x01, 0x01, 0x01, 0x01, 0x01, 0x00, 0x00, 0x21, 0x01, 0x02, 0x01,
    0x01, 0x01, 0x00, 0x00, 0x22, 0x01, 0x01, 0x01, 0x01, 0x01, 0x00, 0x00,
    0x22, 0x01, 0x01, 0x01, 0x01, 0x01, 0x00, 0x00, 0x21, 0x01, 0x02, 0x01,
    0x01, 0x01, 0x00, 0x00, 0x22, 0x01, 0x01, 0x01, 0x01, 0x01, 0x00, 0x00,
    0x22, 0x01, 0x01, 0x01, 0x01, 0x01, 0x00, 0x00, 0x21, 0x01, 0x02, 0x01,
    0x01, 0x01, 0x00, 0x00, 0x22, 0x01, 0x01, 0x01, 0x01, 0x01, 0x00, 0x00,
    0x22, 0x01, 0x01, 0x01, 0x01, 0x01, 0x00, 0x00, 0x21, 0x01, 0x02, 0x01,
    0x01, 0x01, 0x00, 0x00, 0x22, 0x01, 0x01, 0x01, 0x01, 0x01, 0x00, 0x00,
    0x22, 0x01, 0x01, 0x01, 0x01, 0x01, 0x00, 0x00, 0x22, 0x01, 0x01, 0x01,
    0x02, 0x01, 0x00, 0x00, 0x20, 0x29, 0x00, 0x29, 0x00, 0x29, 0x00, 0x00,
    0x20, 0x29, 0x00, 0x29, 0x00, 0x29, 0x00, 0x00, 0x20, 0x29, 0x00, 0x29,
    0x00, 0x29, 0x00, 0x00, 0x20, 0x29, 0x00, 0x29, 0x00, 0x29, 0x00, 0x00,
    0x20, 0x29, 0x00, 0x29, 0x00, 0x29, 0x00, 0x00, 0x20, 0x29, 0x00, 0x29,
    0x00, 0x29, 0x00, 0x00, 0x20, 0x29, 0x00, 0x29, 0x00, 0x29, 0x00, 0x00,
    0x20, 0x29, 0x00, 0x29, 0x00, 0x29, 0x00, 0x00, 0x20, 0x29, 0x00, 0x29,
    0x00, 0x29, 0x00, 0x00, 0x20, 0x29, 0x00, 0x29, 0x00, 0x29, 0x00, 0x00,
    0x20, 0x29, 0x00, 0x29, 0x00, 0x29, 0x00, 0x00, 0x20, 0x29, 0x00, 0x29,
    0x00, 0x29, 0x00, 0x00, 0x20, 0x29, 0x00, 0x29, 0x00, 0x29, 0x00, 0x00,
    0x41, 0x28, 0x41, 0x28, 0x41, 0x30, 0x00, 0x00, 0x41, 0x30, 0x41, 0x28,
    0x41, 0x28, 0x00, 0x00, 0x41, 0x28, 0x41, 0x28, 0x41, 0x30, 0x00, 0x00,
    0x41, 0x28, 0x41, 0x28, 0x41, 0x28, 0x00, 0x00, 0x41, 0x30, 0x41, 0x28,
    0x41, 0x28, 0x00, 0x00, 0x41, 0x30, 0x41, 0x28, 0x01, 0x01, 0x21, 0x01,
    0x01, 0x01, 0x00, 0x00, 0x21, 0x01, 0x01, 0x01, 0x01, 0x01, 0x00, 0x00,
    0x22, 0x01, 0x21, 0x01, 0x01, 0x01, 0x00, 0x00, 0x21, 0x01, 0x21, 0x01,
    0x01, 0x01, 0x00, 0x00, 0x22, 0x01, 0x21, 0x01, 0x01, 0x01, 0x00, 0x00,
    0x21, 0x01, 0x21, 0x01, 0x02, 0x01, 0x00, 0x00, 0x21, 0x01, 0x21, 0x01,
    0x02, 0x01, 0x00, 0x00, 0x21, 0x01, 0x21, 0x01, 0x01, 0x01, 0x00, 0x00,
    0x22, 0x01, 0x21, 0x01, 0x01, 0x01, 0x00, 0x00, 0x21, 0x01, 0x21, 0x01,
    0x01, 0x01, 0x00, 0x00, 0x21, 0x01, 0x21, 0x01, 0x01, 0x01, 0x00, 0x00,
    0x21, 0x01, 0x22, 0x01, 0x01, 0x01, 0x00, 0x00, 0x21, 0x01, 0x21, 0x01,
    0x01, 0x01, 0x00, 0x00, 0x21, 0x01, 0x21, 0x01, 0x01, 0x01, 0x00, 0x00,
    0x21, 0x01, 0x22, 0x01, 0x01, 0x01, 0x00, 0x00, 0x21, 0x01, 0x21, 0x01,
    0x01, 0x01, 0x00, 0x00, 0x21, 0x01, 0x21, 0x01, 0x01, 0x01, 0x00, 0x00,
    0x21, 0x01, 0x22, 0x01, 0x01, 0x01, 0x00, 0x00, 0x21, 0x01, 0x21, 0x01,
    0x01, 0x01, 0x00, 0x00, 0x21, 0x01, 0x21, 0x01, 0x01, 0x01, 0x00, 0x00,
    0x21, 0x01, 0x22, 0x01, 0x01, 0x01, 0x00, 0x00, 0x21, 0x01, 0x21, 0x01,
    0x01, 0x01, 0x00, 0x00, 0x21, 0x01, 0x21, 0x01, 0x01, 0x01, 0x00, 0x00,
    0x21, 0x01, 0x22, 0x01, 0x01, 0x01, 0x00, 0x00, 0x21, 0x01, 0x21, 0x01,
    0x01, 0x01, 0x00, 0x00, 0x21, 0x01, 0x21, 0x01, 0x01, 0x01, 0x00, 0x00,
    0x21, 0x01, 0x22, 0x01, 0x01, 0x01, 0x00, 0x00, 0x21, 0x01, 0x21, 0x01,
    0x01, 0x01, 0x00, 0x00, 0x21, 0x01, 0x21, 0x01, 0x01, 0x01, 0x00, 0x00,
    0x21, 0x01, 0x22, 0x01, 0x01, 0x01, 0x00, 0x00, 0x21, 0x01, 0x21, 0x01,
    0x01, 0x01, 0x00, 0x00, 0x21, 0x01, 0x21, 0x01, 0x01, 0x01, 0x00, 0x00,
    0x21, 0x01, 0x22, 0x01, 0x01, 0x01, 0x00, 0x00, 0x21, 0x01, 0x21, 0x01,
    0x01, 0x01, 0x00, 0x00, 0x21, 0x01, 0x21, 0x01, 0x01, 0x01, 0x00, 0x00,
    0x21, 0x01, 0x22, 0x01, 0x01, 0x01, 0x00, 0x00, 0x21, 0x01, 0x21, 0x01,
    0x01, 0x01, 0x00, 0x00, 0x21, 0x01, 0x21, 0x01, 0x01, 0x01, 0x00, 0x00,
    0x21, 0x01, 0x22, 0x01, 0x01, 0x01, 0x00, 0x00, 0x21, 0x01, 0x21, 0x01,
    0x01, 0x01, 0x00, 0x00, 0x21, 0x01, 0x21, 0x01, 0x01, 0x01, 0x00, 0x00,
    0x21, 0x01, 0x22, 0x01, 0x01, 0x01, 0x00, 0x00, 0x21, 0x01, 0x21, 0x01,
    0x01, 0x01, 0x00, 0x00, 0x21, 0x01, 0x21, 0x01, 0x01, 0x01, 0x00, 0x00,
    0x20, 0x29, 0x20, 0x29, 0x00, 0x29, 0x00, 0x00, 0x20, 0x29, 0x20, 0x29,
    0x00, 0x29, 0x00, 0x00, 0x20, 0x29, 0x20, 0x29, 0x00, 0x29, 0x00, 0x00,
    0x20, 0x29, 0x20, 0x29, 0x00, 0x29, 0x00, 0x00, 0x20, 0x29, 0x20, 0x29,
    0x00, 0x29, 0x00, 0x00, 0x20, 0x29, 0x20, 0x29, 0x00, 0x29, 0x00, 0x00,
    0x20, 0x29, 0x20, 0x29, 0x00, 0x29, 0x00, 0x00, 0x20, 0x29, 0x20, 0x29,
    0x00, 0x29, 0x00, 0x00, 0x20, 0x29, 0x20, 0x29, 0x00, 0x29, 0x00, 0x00,
    0x20, 0x29, 0x20, 0x29, 0x00, 0x29, 0x00, 0x00, 0x20, 0x29, 0x20, 0x29,
    0x00, 0x29, 0x00, 0x00, 0x20, 0x29, 0x20, 0x29, 0x00, 0x29, 0x00, 0x00,
    0x20, 0x29, 0x20, 0x29, 0x00, 0x29, 0x00, 0x00, 0x41, 0x28, 0x41, 0x28,
    0x41, 0x28, 0x00, 0x00, 0x41, 0x28, 0x41, 0x30, 0x41, 0x28, 0x00, 0x00,
    0x41, 0x28, 0x41, 0x28, 0x41, 0x28, 0x00, 0x00, 0x41, 0x30, 0x41, 0x28,
    0x41, 0x28, 0x00, 0x00, 0x41, 0x28, 0x41, 0x30, 0x41, 0x28, 0x00, 0x00,
    0x41, 0x28, 0x41, 0x28, 0x21, 0x01, 0x01, 0x01, 0x22, 0x01, 0x00, 0x00,
    0x01, 0x01, 0x22, 0x01, 0x01, 0x01, 0x00, 0x00, 0x01, 0x01, 0x22, 0x01,
    0x21, 0x01, 0x00, 0x00, 0x02, 0x01, 0x21, 0x01, 0x21, 0x01, 0x00, 0x00,
    0x01, 0x01, 0x22, 0x01, 0x21, 0x01, 0x00, 0x00, 0x01, 0x01, 0x21, 0x01,
    0x22, 0x01, 0x00, 0x00, 0x01, 0x01, 0x21, 0x01, 0x21, 0x01, 0x00, 0x00,
    0x01, 0x01, 0x22, 0x01, 0x21, 0x01, 0x00, 0x00, 0x01, 0x01, 0x21, 0x01,
    0x22, 0x01, 0x00, 0x00, 0x01, 0x01, 0x22, 0x01, 0x22, 0x01, 0x00, 0x00,
    0x01, 0x01, 0x22, 0x01, 0x21, 0x01, 0x00, 0x00, 0x01, 0x01, 0x21, 0x01,
    0x22, 0x01, 0x00, 0x00, 0x01, 0x01, 0x22, 0x01, 0x21, 0x01, 0x00, 0x00,
    0x02, 0x01, 0x21, 0x01, 0x21, 0x01, 0x00, 0x00, 0x01, 0x01, 0x21, 0x01,
    0x22, 0x01, 0x00, 0x00, 0x01, 0x01, 0x22, 0x01, 0x21, 0x01, 0x00, 0x00,
    0x02, 0x01, 0x21, 0x01, 0x21, 0x01, 0x00, 0x00, 0x01, 0x01, 0x21, 0x01,
    0x22, 0x01, 0x00, 0x00, 0x01, 0x01, 0x22, 0x01, 0x21, 0x01, 0x00, 0x00,
    0x02, 0x01, 0x21, 0x01, 0x21, 0x01, 0x00, 0x00, 0x01, 0x01, 0x21, 0x01,
    0x22, 0x01, 0x00, 0x00, 0x01, 0x01, 0x22, 0x01, 0x21, 0x01, 0x00, 0x00,
    0x02, 0x01, 0x21, 0x01, 0x21, 0x01, 0x00, 0x00, 0x01, 0x01, 0x21, 0x01,
    0x22, 0x01, 0x00, 0x00, 0x01, 0x01, 0x22, 0x01, 0x21, 0x01, 0x00, 0x00,
    0x02, 0x01, 0x21, 0x01, 0x21, 0x01, 0x00, 0x00, 0x01, 0x01, 0x21, 0x01,
    0x22, 0x01, 0x00, 0x00, 0x01, 0x01, 0x22, 0x01, 0x21, 0x01, 0x00, 0x00,
    0x02, 0x01, 0x21, 0x01, 0x21, 0x01, 0x00, 0x00, 0x01, 0x01, 0x21, 0x01,
    0x22, 0x01, 0x00, 0x00, 0x01, 0x01, 0x22, 0x01, 0x21, 0x01, 0x00, 0x00,
    0x02, 0x01, 0x21, 0x01, 0x21, 0x01, 0x00, 0x00, 0x01, 0x01, 0x21, 0x01,
    0x22, 0x01, 0x00, 0x00, 0x01, 0x01, 0x22, 0x01, 0x21, 0x01, 0x00, 0x00,
    0x02, 0x01, 0x21, 0x01, 0x21, 0x01, 0x00, 0x00, 0x01, 0x01, 0x21, 0x01,
    0x22, 0x01, 0x00, 0x00, 0x01, 0x01, 0x22, 0x01, 0x21, 0x01, 0x00, 0x00,
    0x02, 0x01, 0x21, 0x01, 0x21, 0x01, 0x00, 0x00, 0x01, 0x01, 0x21, 0x01,
    0x22, 0x01, 0x00, 0x00, 0x01, 0x01, 0x22, 0x01, 0x21, 0x01, 0x00, 0x00,
    0x02, 0x01, 0x21, 0x01, 0x21, 0x01, 0x00, 0x00, 0x01, 0x01, 0x21, 0x01,
    0x22, 0x01, 0x00, 0x00, 0x01, 0x01, 0x22, 0x01, 0x21, 0x01, 0x00, 0x00,
    0x01, 0x01, 0x22, 0x01, 0x21, 0x01, 0x00, 0x00, 0x00, 0x29, 0x20, 0x29,
    0x20, 0x29, 0x00, 0x00, 0x00, 0x29, 0x20, 0x29, 0x20, 0x29, 0x00, 0x00,
    0x00, 0x29, 0x20, 0x29, 0x20, 0x29, 0x00, 0x00, 0x00, 0x29, 0x20, 0x29,
    0x20, 0x29, 0x00, 0x00, 0x00, 0x29, 0x20, 0x29, 0x20, 0x29, 0x00, 0x00,
    0x00, 0x29, 0x20, 0x29, 0x20, 0x29, 0x00, 0x00, 0x00, 0x29, 0x20, 0x29,
    0x20, 0x29, 0x00, 0x00, 0x00, 0x29, 0x20, 0x29, 0x20, 0x29, 0x00, 0x00,
    0x00, 0x29, 0x20, 0x29, 0x20, 0x29, 0x00, 0x00, 0x00, 0x29, 0x20, 0x29,
    0x20, 0x29, 0x00, 0x00, 0x00, 0x29, 0x20, 0x29, 0x20, 0x29, 0x00, 0x00,
    0x00, 0x29, 0x20, 0x29, 0x20, 0x29, 0x00, 0x00, 0x00, 0x29, 0x20, 0x29,
    0x20, 0x29, 0x00, 0x00, 0x41, 0x28, 0x41, 0x30, 0x41, 0x28, 0x00, 0x00,
    0x41, 0x28, 0x41, 0x28, 0x41, 0x30, 0x00, 0x00, 0x41, 0x30, 0x41, 0x28,
    0x41, 0x28, 0x00, 0x00, 0x41, 0x28, 0x41, 0x30, 0x41, 0x28, 0x00, 0x00,
    0x41, 0x28, 0x41, 0x28, 0x41, 0x30, 0x00, 0x00, 0x41, 0x28, 0x41, 0x28,
    0x01, 0x01, 0x21, 0x01, 0x02, 0x01, 0x00, 0x00, 0x21, 0x01, 0x21, 0x01,
    0x22, 0x01, 0x00, 0x00, 0x01, 0x01, 0x01, 0x01, 0x21, 0x01, 0x00, 0x00,
    0x02, 0x01, 0x01, 0x01, 0x21, 0x01, 0x00, 0x00, 0x01, 0x01, 0x01, 0x01,
    0x22, 0x01, 0x00, 0x00, 0x01, 0x01, 0x02, 0x01, 0x21, 0x01, 0x00, 0x00,
    0x01, 0x01, 0x02, 0x01, 0x21, 0x01, 0x00, 0x00, 0x01, 0x01, 0x01, 0x01,
    0x22, 0x01, 0x00, 0x00, 0x01, 0x01, 0x01, 0x01, 0x22, 0x01, 0x00, 0x00,
    0x01, 0x01, 0x01, 0x01, 0x21, 0x01, 0x00, 0x00, 0x01, 0x01, 0x01, 0x01,
    0x22, 0x01, 0x00, 0x00, 0x01, 0x01, 0x01, 0x01, 0x21, 0x01, 0x00, 0x00,
    0x01, 0x01, 0x02, 0x01, 0x21, 0x01, 0x00, 0x00, 0x01, 0x01, 0x02, 0x01,
    0x21, 0x01, 0x00, 0x00, 0x02, 0x01, 0x01, 0x01, 0x21, 0x01, 0x00, 0x00,
    0x01, 0x01, 0x02, 0x01, 0x21, 0x01, 0x00, 0x00, 0x01, 0x01, 0x02, 0x01,
    0x21, 0x01, 0x00, 0x00, 0x02, 0x01, 0x01, 0x01, 0x21, 0x01, 0x00, 0x00,
    0x01, 0x01, 0x02, 0x01, 0x21, 0x01, 0x00, 0x00, 0x01, 0x01, 0x02, 0x01,
    0x21, 0x01, 0x00, 0x00, 0x02, 0x01, 0x01, 0x01, 0x21, 0x01, 0x00, 0x00,
    0x01, 0x01, 0x02, 0x01, 0x21, 0x01, 0x00, 0x00, 0x01, 0x01, 0x02, 0x01,
    0x21, 0x01, 0x00, 0x00, 0x02, 0x01, 0x01, 0x01, 0x21, 0x01, 0x00, 0x00,
    0x01, 0x01, 0x02, 0x01, 0x21, 0x01, 0x00, 0x00, 0x01, 0x01, 0x02, 0x01,
    0x21, 0x01, 0x00, 0x00, 0x02, 0x01, 0x01, 0x01, 0x21, 0x01, 0x00, 0x00,
    0x01, 0x01, 0x02, 0x01, 0x21, 0x01, 0x00, 0x00, 0x01, 0x01, 0x02, 0x01,
    0x21, 0x01, 0x00, 0x00, 0x02, 0x01, 0x01, 0x01, 0x21, 0x01, 0x00, 0x00,
    0x01, 0x01, 0x02, 0x01, 0x21, 0x01, 0x00, 0x00, 0x01, 0x01, 0x02, 0x01,
    0x21, 0x01, 0x00, 0x00, 0x02, 0x01, 0x01, 0x01, 0x21, 0x01, 0x00, 0x00,
    0x01, 0x01, 0x02, 0x01, 0x21, 0x01, 0x00, 0x00, 0x01, 0x01, 0x02, 0x01,
    0x21, 0x01, 0x00, 0x00, 0x02, 0x01, 0x01, 0x01, 0x21, 0x01, 0x00, 0x00,
    0x01, 0x01, 0x02, 0x01, 0x21, 0x01, 0x00, 0x00, 0x01, 0x01, 0x02, 0x01,
    0x21, 0x01, 0x00, 0x00, 0x02, 0x01, 0x01, 0x01, 0x21, 0x01, 0x00, 0x00,
    0x01, 0x01, 0x02, 0x01, 0x21, 0x01, 0x00, 0x00, 0x01, 0x01, 0x02, 0x01,
    0x21, 0x01, 0x00, 0x00, 0x02, 0x01, 0x01, 0x01, 0x21, 0x01, 0x00, 0x00,
    0x01, 0x01, 0x01, 0x01, 0x22, 0x01, 0x00, 0x00, 0x01, 0x01, 0x01, 0x01,
    0x22, 0x01, 0x00, 0x00, 0x00, 0x29, 0x00, 0x29, 0x20, 0x29, 0x00, 0x00,
    0x00, 0x29, 0x00, 0x29, 0x20, 0x29, 0x00, 0x00, 0x00, 0x29, 0x00, 0x29,
    0x20, 0x29, 0x00, 0x00, 0x00, 0x29, 0x00, 0x29, 0x20, 0x29, 0x00, 0x00,
    0x00, 0x29, 0x00, 0x29, 0x20, 0x29, 0x00, 0x00, 0x00, 0x29, 0x00, 0x29,
    0x20, 0x29, 0x00, 0x00, 0x00, 0x29, 0x00, 0x29, 0x20, 0x29, 0x00, 0x00,
    0x00, 0x29, 0x00, 0x29, 0x20, 0x29, 0x00, 0x00, 0x00, 0x29, 0x00, 0x29,
    0x20, 0x29, 0x00, 0x00, 0x00, 0x29, 0x00, 0x29, 0x20, 0x29, 0x00, 0x00,
    0x00, 0x29, 0x00, 0x29, 0x20, 0x29, 0x00, 0x00, 0x00, 0x29, 0x00, 0x29,
    0x20, 0x29, 0x00, 0x00, 0x00, 0x29, 0x00, 0x29, 0x20, 0x29, 0x00, 0x00,
    0x41, 0x28, 0x41, 0x28, 0x41, 0x28, 0x00, 0x00, 0x41, 0x28, 0x41, 0x28,
    0x41, 0x28, 0x00, 0x00, 0x41, 0x28, 0x41, 0x30, 0x41, 0x28, 0x00, 0x00,
    0x41, 0x28, 0x41, 0x28, 0x41, 0x30, 0x00, 0x00, 0x41, 0x28, 0x41, 0x28,
    0x41, 0x28, 0x00, 0x00, 0x41, 0x28, 0x41, 0x30, 0x01, 0x01, 0x21, 0x01,
    0x01, 0x01, 0x00, 0x00, 0x01, 0x01, 0x01, 0x01, 0x21, 0x01, 0x00, 0x00,
    0x21, 0x01, 0x02, 0x01, 0x01, 0x01, 0x00, 0x00, 0x21, 0x01, 0x01, 0x01,
    0x02, 0x01, 0x00, 0x00, 0x21, 0x01, 0x01, 0x01, 0x01, 0x01, 0x00, 0x00,
    0x21, 0x01, 0x01, 0x01, 0x01, 0x01, 0x00, 0x00, 0x21, 0x01, 0x01, 0x01,
    0x02, 0x01, 0x00, 0x00, 0x21, 0x01, 0x01, 0x01, 0x01, 0x01, 0x00, 0x00,
    0x21, 0x01, 0x01, 0x01, 0x01, 0x01, 0x00, 0x00, 0x21, 0x01, 0x01, 0x01,
    0x01, 0x01, 0x00, 0x00, 0x21, 0x01, 0x01, 0x01, 0x01, 0x01, 0x00, 0x00,
    0x22, 0x01, 0x01, 0x01, 0x01, 0x01, 0x00, 0x00, 0x21, 0x01, 0x01, 0x01,
    0x01, 0x01, 0x00, 0x00, 0x21, 0x01, 0x01, 0x01, 0x02, 0x01, 0x00, 0x00,
    0x21, 0x01, 0x01, 0x01, 0x01, 0x01, 0x00, 0x00, 0x21, 0x01, 0x01, 0x01,
    0x01, 0x01, 0x00, 0x00, 0x21, 0x01, 0x01, 0x01, 0x02, 0x01, 0x00, 0x00,
    0x21, 0x01, 0x01, 0x01, 0x01, 0x01, 0x00, 0x00, 0x21, 0x01, 0x01, 0x01,
    0x01, 0x01, 0x00, 0x00, 0x21, 0x01, 0x01, 0x01, 0x02, 0x01, 0x00, 0x00,
    0x21, 0x01, 0x01, 0x01, 0x01, 0x01, 0x00, 0x00, 0x21, 0x01, 0x01, 0x01,
    0x01, 0x01, 0x00, 0x00, 0x21, 0x01, 0x01, 0x01, 0x02, 0x01, 0x00, 0x00,
    0x21, 0x01, 0x01, 0x01, 0x01, 0x01, 0x00, 0x00, 0x21, 0x01, 0x01, 0x01,
    0x01, 0x01, 0x00, 0x00, 0x21, 0x01, 0x01, 0x01, 0x02, 0x01, 0x00, 0x00,
    0x21, 0x01, 0x01, 0x01, 0x01, 0x01, 0x00, 0x00, 0x21, 0x01, 0x01, 0x01,
    0x01, 0x01, 0x00, 0x00, 0x21, 0x01, 0x01, 0x01, 0x02, 0x01, 0x00, 0x00,
    0x21, 0x01, 0x01, 0x01, 0x01, 0x01, 0x00, 0x00, 0x21, 0x01, 0x01, 0x01,
    0x01, 0x01, 0x00, 0x00, 0x21, 0x01, 0x01, 0x01, 0x02, 0x01, 0x00, 0x00,
    0x21, 0x01, 0x01, 0x01, 0x01, 0x01, 0x00, 0x00, 0x21, 0x01, 0x01, 0x01,
    0x01, 0x01, 0x00, 0x00, 0x21, 0x01, 0x01, 0x01, 0x02, 0x01, 0x00, 0x00,
    0x21, 0x01, 0x01, 0x01, 0x01, 0x01, 0x00, 0x00, 0x21, 0x01, 0x01, 0x01,
    0x01, 0x01, 0x00, 0x00, 0x21, 0x01, 0x01, 0x01, 0x02, 0x01, 0x00, 0x00,
    0x21, 0x01, 0x01, 0x01, 0x01, 0x01, 0x00, 0x00, 0x21, 0x01, 0x01, 0x01,
    0x01, 0x01, 0x00, 0x00, 0x21, 0x01, 0x01, 0x01, 0x02, 0x01, 0x00, 0x00,
    0x21, 0x01, 0x01, 0x01, 0x01, 0x01, 0x00, 0x00, 0x21, 0x01, 0x01, 0x01,
    0x01, 0x01, 0x00, 0x00, 0x21, 0x01, 0x01, 0x01, 0x01, 0x01, 0x00, 0x00,
    0x20, 0x29, 0x00, 0x29, 0x00, 0x29, 0x00, 0x00, 0x20, 0x29, 0x00, 0x29,
    0x00, 0x29, 0x00, 0x00, 0x20, 0x29, 0x00, 0x29, 0x00, 0x29, 0x00, 0x00,
    0x20, 0x29, 0x00, 0x29, 0x00, 0x29, 0x00, 0x00, 0x20, 0x29, 0x00, 0x29,
    0x00, 0x29, 0x00, 0x00, 0x20, 0x29, 0x00, 0x29, 0x00, 0x29, 0x00, 0x00,
    0x20, 0x29, 0x00, 0x29, 0x00, 0x29, 0x00, 0x00, 0x20, 0x29, 0x00, 0x29,
    0x00, 0x29, 0x00, 0x00, 0x20, 0x29, 0x00, 0x29, 0x00, 0x29, 0x00, 0x00,
    0x20, 0x29, 0x00, 0x29, 0x00, 0x29, 0x00, 0x00, 0x20, 0x29, 0x00, 0x29,
    0x00, 0x29, 0x00, 0x00, 0x20, 0x29, 0x00, 0x29, 0x00, 0x29, 0x00, 0x00,
    0x20, 0x29, 0x00, 0x29, 0x00, 0x29, 0x00, 0x00, 0x41, 0x28, 0x41, 0x28,
    0x41, 0x30, 0x00, 0x00, 0x41, 0x30, 0x41, 0x28, 0x41, 0x28, 0x00, 0x00,
    0x41, 0x28, 0x41, 0x28, 0x41, 0x30, 0x00, 0x00, 0x41, 0x28, 0x41, 0x28,
    0x41, 0x28, 0x00, 0x00, 0x41, 0x30, 0x41, 0x28, 0x41, 0x28, 0x00, 0x00,
    0x41, 0x28, 0x41, 0x28, 0x21, 0x01, 0x01, 0x01, 0x22, 0x01, 0x00, 0x00,
    0x01, 0x01, 0x22, 0x01, 0x01, 0x01, 0x00, 0x00, 0x21, 0x01, 0x21, 0x01,
    0x02, 0x01, 0x00, 0x00, 0x21, 0x01, 0x21, 0x01, 0x02, 0x01, 0x00, 0x00,
    0x21, 0x01, 0x22, 0x01, 0x01, 0x01, 0x00, 0x00, 0x22, 0x01, 0x21, 0x01,
    0x01, 0x01, 0x00, 0x00, 0x22, 0x01, 0x21, 0x01, 0x01, 0x01, 0x00, 0x00,
    0x22, 0x01, 0x21, 0x01, 0x01, 0x01, 0x00, 0x00, 0x22, 0x01, 0x21, 0x01,
    0x01, 0x01, 0x00, 0x00, 0x22, 0x01, 0x22, 0x01, 0x01, 0x01, 0x00, 0x00,
    0x22, 0x01, 0x21, 0x01, 0x01, 0x01, 0x00, 0x00, 0x21, 0x01, 0x22, 0x01,
    0x01, 0x01, 0x00, 0x00, 0x22, 0x01, 0x21, 0x01, 0x01, 0x01, 0x00, 0x00,
    0x22, 0x01, 0x21, 0x01, 0x01, 0x01, 0x00, 0x00, 0x21, 0x01, 0x22, 0x01,
    0x01, 0x01, 0x00, 0x00, 0x22, 0x01, 0x21, 0x01, 0x01, 0x01, 0x00, 0x00,
    0x22, 0x01, 0x21, 0x01, 0x01, 0x01, 0x00, 0x00, 0x21, 0x01, 0x22, 0x01,
    0x01, 0x01, 0x00, 0x00, 0x22, 0x01, 0x21, 0x01, 0x01, 0x01, 0x00, 0x00,
    0x22, 0x01, 0x21, 0x01, 0x01, 0x01, 0x00, 0x00, 0x21, 0x01, 0x22, 0x01,
    0x01, 0x01, 0x00, 0x00, 0x22, 0x01, 0x21, 0x01, 0x01, 0x01, 0x00, 0x00,
    0x22, 0x01, 0x21, 0x01, 0x01, 0x01, 0x00, 0x00, 0x21, 0x01, 0x22, 0x01,
    0x01, 0x01, 0x00, 0x00, 0x22, 0x01, 0x21, 0x01, 0x01, 0x01, 0x00, 0x00,
    0x22, 0x01, 0x21, 0x01, 0x01, 0x01, 0x00, 0x00, 0x21, 0x01, 0x22, 0x01,
    0x01, 0x01, 0x00, 0x00, 0x22, 0x01, 0x21, 0x01, 0x01, 0x01, 0x00, 0x00,
    0x22, 0x01, 0x21, 0x01, 0x01, 0x01, 0x00, 0x00, 0x21, 0x01, 0x22, 0x01,
    0x01, 0x01, 0x00, 0x00, 0x22, 0x01, 0x21, 0x01, 0x01, 0x01, 0x00, 0x00,
    0x22, 0x01, 0x21, 0x01, 0x01, 0x01, 0x00, 0x00, 0x21, 0x01, 0x22, 0x01,
    0x01, 0x01, 0x00, 0x00, 0x22, 0x01, 0x21, 0x01, 0x01, 0x01, 0x00, 0x00,
    0x22, 0x01, 0x21, 0x01, 0x01, 0x01, 0x00, 0x00, 0x21, 0x01, 0x22, 0x01,
    0x01, 0x01, 0x00, 0x00, 0x22, 0x01, 0x21, 0x01, 0x01, 0x01, 0x00, 0x00,
    0x22, 0x01, 0x21, 0x01, 0x01, 0x01, 0x00, 0x00, 0x21, 0x01, 0x22, 0x01,
    0x01, 0x01, 0x00, 0x00, 0x22, 0x01, 0x21, 0x01, 0x01, 0x01, 0x00, 0x00,
    0x22, 0x01, 0x21, 0x01, 0x01, 0x01, 0x00, 0x00, 0x21, 0x01, 0x22, 0x01,
    0x01, 0x01, 0x00, 0x00, 0x22, 0x01, 0x21, 0x01, 0x02, 0x01, 0x00, 0x00,
    0x21, 0x01, 0x22, 0x01, 0x01, 0x01, 0x00, 0x00, 0x20, 0x29, 0x20, 0x29,
    0x00, 0x29, 0x00, 0x00, 0x20, 0x29, 0x20, 0x29, 0x00, 0x29, 0x00, 0x00,
    0x20, 0x29, 0x20, 0x29, 0x00, 0x29, 0x00, 0x00, 0x20, 0x29, 0x20, 0x29,
    0x00, 0x29, 0x00, 0x00, 0x20, 0x29, 0x20, 0x29, 0x00, 0x29, 0x00, 0x00,
    0x20, 0x29, 0x20, 0x29, 0x00, 0x29, 0x00, 0x00, 0x20, 0x29, 0x20, 0x29,
    0x00, 0x29, 0x00, 0x00, 0x20, 0x29, 0x20, 0x29, 0x00, 0x29, 0x00, 0x00,
    0x20, 0x29, 0x20, 0x29, 0x00, 0x29, 0x00, 0x00, 0x20, 0x29, 0x20, 0x29,
    0x00, 0x29, 0x00, 0x00, 0x20, 0x29, 0x20, 0x29, 0x00, 0x29, 0x00, 0x00,
    0x20, 0x29, 0x20, 0x29, 0x00, 0x29, 0x00, 0x00, 0x20, 0x29, 0x20, 0x29,
    0x00, 0x29, 0x00, 0x00, 0x41, 0x28, 0x41, 0x30, 0x41, 0x28, 0x00, 0x00,
    0x41, 0x28, 0x41, 0x30, 0x41, 0x28, 0x00, 0x00, 0x41, 0x28, 0x41, 0x28,
    0x41, 0x28, 0x00, 0x00, 0x41, 0x30, 0x41, 0x28, 0x41, 0x28, 0x00, 0x00,
    0x41, 0x28, 0x41, 0x30, 0x41, 0x28, 0x00, 0x00, 0x41, 0x30, 0x41, 0x28,
    0x01, 0x01, 0x21, 0x01, 0x21, 0x01, 0x00, 0x00, 0x21, 0x01, 0x01, 0x01,
    0x02, 0x01, 0x00, 0x00, 0x01, 0x01, 0x21, 0x01, 0x21, 0x01, 0x00, 0x00,
    0x01, 0x01, 0x21, 0x01, 0x21, 0x01, 0x00, 0x00, 0x01, 0x01, 0x22, 0x01,
    0x21, 0x01, 0x00, 0x00, 0x01, 0x01, 0x22, 0x01, 0x21, 0x01, 0x00, 0x00,
    0x01, 0x01, 0x21, 0x01, 0x21, 0x01, 0x00, 0x00, 0x01, 0x01, 0x22, 0x01,
    0x21, 0x01, 0x00, 0x00, 0x02, 0x01, 0x21, 0x01, 0x21, 0x01, 0x00, 0x00,
    0x01, 0x01, 0x21, 0x01, 0x21, 0x01, 0x00, 0x00, 0x02, 0x01, 0x21, 0x01,
    0x22, 0x01, 0x00, 0x00, 0x01, 0x01, 0x21, 0x01, 0x22, 0x01, 0x00, 0x00,
    0x01, 0x01, 0x22, 0x01, 0x21, 0x01, 0x00, 0x00, 0x01, 0x01, 0x21, 0x01,
    0x21, 0x01, 0x00, 0x00, 0x01, 0x01, 0x22, 0x01, 0x21, 0x01, 0x00, 0x00,
    0x01, 0x01, 0x22, 0x01, 0x21, 0x01, 0x00, 0x00, 0x01, 0x01, 0x21, 0x01,
    0x21, 0x01, 0x00, 0x00, 0x01, 0x01, 0x22, 0x01, 0x21, 0x01, 0x00, 0x00,
    0x01, 0x01, 0x22, 0x01, 0x21, 0x01, 0x00, 0x00, 0x01, 0x01, 0x21, 0x01,
    0x21, 0x01, 0x00, 0x00, 0x01, 0x01, 0x22, 0x01, 0x21, 0x01, 0x00, 0x00,
    0x01, 0x01, 0x22, 0x01, 0x21, 0x01, 0x00, 0x00, 0x01, 0x01, 0x21, 0x01,
    0x21, 0x01, 0x00, 0x00, 0x01, 0x01, 0x22, 0x01, 0x21, 0x01, 0x00, 0x00,
    0x01, 0x01, 0x22, 0x01, 0x21, 0x01, 0x00, 0x00, 0x01, 0x01, 0x21, 0x01,
    0x21, 0x01, 0x00, 0x00, 0x01, 0x01, 0x22, 0x01, 0x21, 0x01, 0x00, 0x00,
    0x01, 0x01, 0x22, 0x01, 0x21, 0x01, 0x00, 0x00, 0x01, 0x01, 0x21, 0x01,
    0x21, 0x01, 0x00, 0x00, 0x01, 0x01, 0x22, 0x01, 0x21, 0x01, 0x00, 0x00,
    0x01, 0x01, 0x22, 0x01, 0x21, 0x01, 0x00, 0x00, 0x01, 0x01, 0x21, 0x01,
    0x21, 0x01, 0x00, 0x00, 0x01, 0x01, 0x22, 0x01, 0x21, 0x01, 0x00, 0x00,
    0x01, 0x01, 0x22, 0x01, 0x21, 0x01, 0x00, 0x00, 0x01, 0x01, 0x21, 0x01,
    0x21, 0x01, 0x00, 0x00, 0x01, 0x01, 0x22, 0x01, 0x21, 0x01, 0x00, 0x00,
    0x01, 0x01, 0x22, 0x01, 0x21, 0x01, 0x00, 0x00, 0x01, 0x01, 0x21, 0x01,
    0x21, 0x01, 0x00, 0x00, 0x01, 0x01, 0x22, 0x01, 0x21, 0x01, 0x00, 0x00,
    0x01, 0x01, 0x22, 0x01, 0x21, 0x01, 0x00, 0x00, 0x01, 0x01, 0x21, 0x01,
    0x21, 0x01, 0x00, 0x00, 0x01, 0x01, 0x22, 0x01, 0x21, 0x01, 0x00, 0x00,
    0x01, 0x01, 0x21, 0x01, 0x21, 0x01, 0x00, 0x00, 0x01, 0x01, 0x22, 0x01,
    0x21, 0x01, 0x00, 0x00, 0x00, 0x29, 0x20, 0x29, 0x20, 0x29, 0x00, 0x00,
    0x00, 0x29, 0x20, 0x29, 0x20, 0x29, 0x00, 0x00, 0x00, 0x29, 0x20, 0x29,
    0x20, 0x29, 0x00, 0x00, 0x00, 0x29, 0x20, 0x29, 0x20, 0x29, 0x00, 0x00,
    0x00, 0x29, 0x20, 0x29, 0x20, 0x29, 0x00, 0x00, 0x00, 0x29, 0x20, 0x29,
    0x20, 0x29, 0x00, 0x00, 0x00, 0x29, 0x20, 0x29, 0x20, 0x29, 0x00, 0x00,
    0x00, 0x29, 0x20, 0x29, 0x20, 0x29, 0x00, 0x00, 0x00, 0x29, 0x20, 0x29,
    0x20, 0x29, 0x00, 0x00, 0x00, 0x29, 0x20, 0x29, 0x20, 0x29, 0x00, 0x00,
    0x00, 0x29, 0x20, 0x29, 0x20, 0x29, 0x00, 0x00, 0x00, 0x29, 0x20, 0x29,
    0x20, 0x29, 0x00, 0x00, 0x00, 0x29, 0x20, 0x29, 0x20, 0x29, 0x00, 0x00,
    0x41, 0x28, 0x41, 0x28, 0x41, 0x28, 0x00, 0x00, 0x41, 0x28, 0x41, 0x28,
    0x41, 0x30, 0x00, 0x00, 0x41, 0x30, 0x41, 0x28, 0x41, 0x28, 0x00, 0x00,
    0x41, 0x28, 0x41, 0x30, 0x41, 0x28, 0x00, 0x00, 0x41, 0x28, 0x41, 0x28,
    0x41, 0x30, 0x00, 0x00, 0x41, 0x28, 0x41, 0x28, 0x01, 0x01, 0x02, 0x01,
    0x01, 0x01, 0x00, 0x00, 0x21, 0x01, 0x21, 0x01, 0x21, 0x01, 0x00, 0x00,
    0x02, 0x01, 0x01, 0x01, 0x21, 0x01, 0x00, 0x00, 0x02, 0x01, 0x01, 0x01,
    0x21, 0x01, 0x00, 0x00, 0x01, 0x01, 0x01, 0x01, 0x21, 0x01, 0x00, 0x00,
    0x01, 0x01, 0x01, 0x01, 0x22, 0x01, 0x00, 0x00, 0x01, 0x01, 0x02, 0x01,
    0x21, 0x01, 0x00, 0x00, 0x01, 0x01, 0x01, 0x01, 0x21, 0x01, 0x00, 0x00,
    0x01, 0x01, 0x01, 0x01, 0x22, 0x01, 0x00, 0x00, 0x01, 0x01, 0x01, 0x01,
    0x22, 0x01, 0x00, 0x00, 0x01, 0x01, 0x01, 0x01, 0x21, 0x01, 0x00, 0x00,
    0x01, 0x01, 0x01, 0x01, 0x21, 0x01, 0x00, 0x00, 0x01, 0x01, 0x01, 0x01,
    0x22, 0x01, 0x00, 0x00, 0x01, 0x01, 0x02, 0x01, 0x21, 0x01, 0x00, 0x00,
    0x01, 0x01, 0x01, 0x01, 0x21, 0x01, 0x00, 0x00, 0x01, 0x01, 0x01, 0x01,
    0x22, 0x01, 0x00, 0x00, 0x01, 0x01, 0x02, 0x01, 0x21, 0x01, 0x00, 0x00,
    0x01, 0x01, 0x01, 0x01, 0x21, 0x01, 0x00, 0x00, 0x01, 0x01, 0x01, 0x01,
    0x22, 0x01, 0x00, 0x00, 0x01, 0x01, 0x02, 0x01, 0x21, 0x01, 0x00, 0x00,
    0x01, 0x01, 0x01, 0x01, 0x21, 0x01, 0x00, 0x00, 0x01, 0x01, 0x01, 0x01,
    0x22, 0x01, 0x00, 0x00, 0x01, 0x01, 0x02, 0x01, 0x21, 0x01, 0x00, 0x00,
    0x01, 0x01, 0x01, 0x01, 0x21, 0x01, 0x00, 0x00, 0x01, 0x01, 0x01, 0x01,
    0x22, 0x01, 0x00, 0x00, 0x01, 0x01, 0x02, 0x01, 0x21, 0x01, 0x00, 0x00,
    0x01, 0x01, 0x01, 0x01, 0x21, 0x01, 0x00, 0x00, 0x01, 0x01, 0x01, 0x01,
    0x22, 0x01, 0x00, 0x00, 0x01, 0x01, 0x02, 0x01, 0x21, 0x01, 0x00, 0x00,
    0x01, 0x01, 0x01, 0x01, 0x21, 0x01, 0x00, 0x00, 0x01, 0x01, 0x01, 0x01,
    0x22, 0x01, 0x00, 0x00, 0x01, 0x01, 0x02, 0x01, 0x21, 0x01, 0x00, 0x00,
    0x01, 0x01, 0x01, 0x01, 0x21, 0x01, 0x00, 0x00, 0x01, 0x01, 0x01, 0x01,
    0x22, 0x01, 0x00, 0x00, 0x01, 0x01, 0x02, 0x01, 0x21, 0x01, 0x00, 0x00,
    0x01, 0x01, 0x01, 0x01, 0x21, 0x01, 0x00, 0x00, 0x01, 0x01, 0x01, 0x01,
    0x22, 0x01, 0x00, 0x00, 0x01, 0x01, 0x02, 0x01, 0x21, 0x01, 0x00, 0x00,
    0x01, 0x01, 0x01, 0x01, 0x21, 0x01, 0x00, 0x00, 0x01, 0x01, 0x01, 0x01,
    0x22, 0x01, 0x00, 0x00, 0x01, 0x01, 0x02, 0x01, 0x21, 0x01, 0x00, 0x00,
    0x01, 0x01, 0x01, 0x01, 0x21, 0x01, 0x00, 0x00, 0x02, 0x01, 0x01, 0x01,
    0x21, 0x01, 0x00, 0x00, 0x01, 0x01, 0x01, 0x01, 0x21, 0x01, 0x00, 0x00,
    0x00, 0x29, 0x00, 0x29, 0x20, 0x29, 0x00, 0x00, 0x00, 0x29, 0x00, 0x29,
    0x20, 0x29, 0x00, 0x00, 0x00, 0x29, 0x00, 0x29, 0x20, 0x29, 0x00, 0x00,
    0x00, 0x29, 0x00, 0x29, 0x20, 0x29, 0x00, 0x00, 0x00, 0x29, 0x00, 0x29,
    0x20, 0x29, 0x00, 0x00, 0x00, 0x29, 0x00, 0x29, 0x20, 0x29, 0x00, 0x00,
    0x00, 0x29, 0x00, 0x29, 0x20, 0x29, 0x00, 0x00, 0x00, 0x29, 0x00, 0x29,
    0x20, 0x29, 0x00, 0x00, 0x00, 0x29, 0x00, 0x29, 0x20, 0x29, 0x00, 0x00,
    0x00, 0x29, 0x00, 0x29, 0x20, 0x29, 0x00, 0x00, 0x00, 0x29, 0x00, 0x29,
    0x20, 0x29, 0x00, 0x00, 0x00, 0x29, 0x00, 0x29, 0x20, 0x29, 0x00, 0x00,
    0x00, 0x29, 0x00, 0x29, 0x20, 0x29, 0x00, 0x00, 0x41, 0x28, 0x41, 0x28,
    0x41, 0x30, 0x00, 0x00, 0x41, 0x28, 0x41, 0x28, 0x41, 0x28, 0x00, 0x00,
    0x41, 0x28, 0x41, 0x30, 0x41, 0x28, 0x00, 0x00, 0x41, 0x28, 0x41, 0x28,
    0x41, 0x30, 0x00, 0x00, 0x41, 0x28, 0x41, 0x28, 0x41, 0x28, 0x00, 0x00,
    0x41, 0x28, 0x41, 0x28, 0x21, 0x01, 0x21, 0x01, 0x02, 0x01, 0x00, 0x00,
    0x02, 0x01, 0x01, 0x01, 0x21, 0x01, 0x00, 0x00, 0x21, 0x01, 0x02, 0x01,
    0x01, 0x01, 0x00, 0x00, 0x22, 0x01, 0x01, 0x01, 0x02, 0x01, 0x00, 0x00,
    0x21, 0x01, 0x02, 0x01, 0x01, 0x01, 0x00, 0x00, 0x22, 0x01, 0x01, 0x01,
    0x01, 0x01, 0x00, 0x00, 0x21, 0x01, 0x01, 0x01, 0x02, 0x01, 0x00, 0x00,
    0x21, 0x01, 0x02, 0x01, 0x01, 0x01, 0x00, 0x00, 0x21, 0x01, 0x01, 0x01,
    0x02, 0x01, 0x00, 0x00, 0x21, 0x01, 0x02, 0x01, 0x01, 0x01, 0x00, 0x00,
    0x21, 0x01, 0x01, 0x01, 0x02, 0x01, 0x00, 0x00, 0x21, 0x01, 0x02, 0x01,
    0x01, 0x01, 0x00, 0x00, 0x21, 0x01, 0x01, 0x01, 0x01, 0x01, 0x00, 0x00,
    0x21, 0x01, 0x02, 0x01, 0x01, 0x01, 0x00, 0x00, 0x22, 0x01, 0x01, 0x01,
    0x01, 0x01, 0x00, 0x00, 0x22, 0x01, 0x01, 0x01, 0x01, 0x01, 0x00, 0x00,
    0x21, 0x01, 0x02, 0x01, 0x01, 0x01, 0x00, 0x00, 0x22, 0x01, 0x01, 0x01,
    0x01, 0x01, 0x00, 0x00, 0x22, 0x01, 0x01, 0x01, 0x01, 0x01, 0x00, 0x00,
    0x21, 0x01, 0x02, 0x01, 0x01, 0x01, 0x00, 0x00, 0x22, 0x01, 0x01, 0x01,
    0x01, 0x01, 0x00, 0x00, 0x22, 0x01, 0x01, 0x01, 0x01, 0x01, 0x00, 0x00,
    0x21, 0x01, 0x02, 0x01, 0x01, 0x01, 0x00, 0x00, 0x22, 0x01, 0x01, 0x01,
    0x01, 0x01, 0x00, 0x00, 0x22, 0x01, 0x01, 0x01, 0x01, 0x01, 0x00, 0x00,
    0x21, 0x01, 0x02, 0x01, 0x01, 0x01, 0x00, 0x00, 0x22, 0x01, 0x01, 0x01,
    0x01, 0x01, 0x00, 0x00, 0x22, 0x01, 0x01, 0x01, 0x01, 0x01, 0x00, 0x00,
    0x21, 0x01, 0x02, 0x01, 0x01, 0x01, 0x00, 0x00, 0x22, 0x01, 0x01, 0x01,
    0x01, 0x01, 0x00, 0x00, 0x22, 0x01, 0x01, 0x01, 0x01, 0x01, 0x00, 0x00,
    0x21, 0x01, 0x02, 0x01, 0x01, 0x01, 0x00, 0x00, 0x22, 0x01, 0x01, 0x01,
    0x01, 0x01, 0x00, 0x00, 0x22, 0x01, 0x01, 0x01, 0x01, 0x01, 0x00, 0x00,
    0x21, 0x01, 0x02, 0x01, 0x01, 0x01, 0x00, 0x00, 0x22, 0x01, 0x01, 0x01,
    0x01, 0x01, 0x00, 0x00, 0x22, 0x01, 0x01, 0x01, 0x01, 0x01, 0x00, 0x00,
    0x21, 0x01, 0x02, 0x01, 0x01, 0x01, 0x00, 0x00, 0x22, 0x01, 0x01, 0x01,
    0x01, 0x01, 0x00, 0x00, 0x22, 0x01, 0x01, 0x01, 0x01, 0x01, 0x00, 0x00,
    0x21, 0x01, 0x02, 0x01, 0x01, 0x01, 0x00, 0x00, 0x22, 0x01, 0x01, 0x01,
    0x01, 0x01, 0x00, 0x00, 0x22, 0x01, 0x01, 0x01, 0x02, 0x01, 0x00, 0x00,
    0x21, 0x01, 0x02, 0x01, 0x01, 0x01, 0x00, 0x00, 0x20, 0x29, 0x00, 0x29,
    0x00, 0x29, 0x00, 0x00, 0x20, 0x29, 0x00, 0x29, 0x00, 0x29, 0x00, 0x00,
    0x20, 0x29, 0x00, 0x29, 0x00, 0x29, 0x00, 0x00, 0x20, 0x29, 0x00, 0x29,
    0x00, 0x29, 0x00, 0x00, 0x20, 0x29, 0x00, 0x29, 0x00, 0x29, 0x00, 0x00,
    0x20, 0x29, 0x00, 0x29, 0x00, 0x29, 0x00, 0x00, 0x20, 0x29, 0x00, 0x29,
    0x00, 0x29, 0x00, 0x00, 0x20, 0x29, 0x00, 0x29, 0x00, 0x29, 0x00, 0x00,
    0x20, 0x29, 0x00, 0x29, 0x00, 0x29, 0x00, 0x00, 0x20, 0x29, 0x00, 0x29,
    0x00, 0x29, 0x00, 0x00, 0x20, 0x29, 0x00, 0x29, 0x00, 0x29, 0x00, 0x00,
    0x20, 0x29, 0x00, 0x29, 0x00, 0x29, 0x00, 0x00, 0x20, 0x29, 0x00, 0x29,
    0x00, 0x29, 0x00, 0x00, 0x41, 0x28, 0x41, 0x28, 0x41, 0x28, 0x00, 0x00,
    0x41, 0x30, 0x41, 0x28, 0x41, 0x28, 0x00, 0x00, 0x41, 0x28, 0x41, 0x28,
    0x41, 0x30, 0x00, 0x00, 0x41, 0x28, 0x41, 0x28, 0x41, 0x28, 0x00, 0x00,
    0x41, 0x30, 0x41, 0x28, 0x41, 0x28, 0x00, 0x00, 0x41, 0x30, 0x41, 0x28,
    0x01, 0x01, 0x21, 0x01, 0x21, 0x01, 0x00, 0x00, 0x01, 0x01, 0x22, 0x01,
    0x01, 0x01, 0x00, 0x00, 0x21, 0x01, 0x21, 0x01, 0x01, 0x01, 0x00, 0x00,
    0x21, 0x01, 0x21, 0x01, 0x01, 0x01, 0x00, 0x00, 0x21, 0x01, 0x22, 0x01,
    0x01, 0x01, 0x00, 0x00, 0x21, 0x01, 0x21, 0x01, 0x01, 0x01, 0x00, 0x00,
    0x21, 0x01, 0x21, 0x01, 0x01, 0x01, 0x00, 0x00, 0x21, 0x01, 0x21, 0x01,
    0x02, 0x01, 0x00, 0x00, 0x21, 0x01, 0x21, 0x01, 0x01, 0x01, 0x00, 0x00,
    0x21, 0x01, 0x21, 0x01, 0x01, 0x01, 0x00, 0x00, 0x21, 0x01, 0x21, 0x01,
    0x02, 0x01, 0x00, 0x00, 0x21, 0x01, 0x21, 0x01, 0x02, 0x01, 0x00, 0x00,
    0x21, 0x01, 0x22, 0x01, 0x01, 0x01, 0x00, 0x00, 0x21, 0x01, 0x21, 0x01,
    0x01, 0x01, 0x00, 0x00, 0x21, 0x01, 0x22, 0x01, 0x01, 0x01, 0x00, 0x00,
    0x21, 0x01, 0x21, 0x01, 0x01, 0x01, 0x00, 0x00, 0x21, 0x01, 0x21, 0x01,
    0x01, 0x01, 0x00, 0x00, 0x21, 0x01, 0x22, 0x01, 0x01, 0x01, 0x00, 0x00,
    0x21, 0x01, 0x21, 0x01, 0x01, 0x01, 0x00, 0x00, 0x21, 0x01, 0x21, 0x01,
    0x01, 0x01, 0x00, 0x00, 0x21, 0x01, 0x22, 0x01, 0x01, 0x01, 0x00, 0x00,
    0x21, 0x01, 0x21, 0x01, 0x01, 0x01, 0x00, 0x00, 0x21, 0x01, 0x21, 0x01,
    0x01, 0x01, 0x00, 0x00, 0x21, 0x01, 0x22, 0x01, 0x01, 0x01, 0x00, 0x00,
    0x21, 0x01, 0x21, 0x01, 0x01, 0x01, 0x00, 0x00, 0x21, 0x01, 0x21, 0x01,
    0x01, 0x01, 0x00, 0x00, 0x21, 0x01, 0x22, 0x01, 0x01, 0x01, 0x00, 0x00,
    0x21, 0x01, 0x21, 0x01, 0x01, 0x01, 0x00, 0x00, 0x21, 0x01, 0x21, 0x01,
    0x01, 0x01, 0x00, 0x00, 0x21, 0x01, 0x22, 0x01, 0x01, 0x01, 0x00, 0x00,
    0x21, 0x01, 0x21, 0x01, 0x01, 0x01, 0x00, 0x00, 0x21, 0x01, 0x21, 0x01,
    0x01, 0x01, 0x00, 0x00, 0x21, 0x01, 0x22, 0x01, 0x01, 0x01, 0x00, 0x00,
    0x21, 0x01, 0x21, 0x01, 0x01, 0x01, 0x00, 0x00, 0x21, 0x01, 0x21, 0x01,
    0x01, 0x01, 0x00, 0x00, 0x21, 0x01, 0x22, 0x01, 0x01, 0x01, 0x00, 0x00,
    0x21, 0x01, 0x21, 0x01, 0x01, 0x01, 0x00, 0x00, 0x21, 0x01, 0x21, 0x01,
    0x01, 0x01, 0x00, 0x00, 0x21, 0x01, 0x22, 0x01, 0x01, 0x01, 0x00, 0x00,
    0x21, 0x01, 0x21, 0x01, 0x01, 0x01, 0x00, 0x00, 0x21, 0x01, 0x21, 0x01,
    0x01, 0x01, 0x00, 0x00, 0x21, 0x01, 0x22, 0x01, 0x01, 0x01, 0x00, 0x00,
    0x21, 0x01, 0x21, 0x01, 0x01, 0x01, 0x00, 0x00, 0x21, 0x01, 0x22, 0x01,
    0x01, 0x01, 0x00, 0x00, 0x20, 0x29, 0x20, 0x29, 0x00, 0x29, 0x00, 0x00,
    0x20, 0x29, 0x20, 0x29, 0x00, 0x29, 0x00, 0x00, 0x20, 0x29, 0x20, 0x29,
    0x00, 0x29, 0x00, 0x00, 0x20, 0x29, 0x20, 0x29, 0x00, 0x29, 0x00, 0x00,
    0x20, 0x29, 0x20, 0x29, 0x00, 0x29, 0x00, 0x00, 0x20, 0x29, 0x20, 0x29,
    0x00, 0x29, 0x00, 0x00, 0x20, 0x29, 0x20, 0x29, 0x00, 0x29, 0x00, 0x00,
    0x20, 0x29, 0x20, 0x29, 0x00, 0x29, 0x00, 0x00, 0x20, 0x29, 0x20, 0x29,
    0x00, 0x29, 0x00, 0x00, 0x20, 0x29, 0x20, 0x29, 0x00, 0x29, 0x00, 0x00,
    0x20, 0x29, 0x20, 0x29, 0x00, 0x29, 0x00, 0x00, 0x20, 0x29, 0x20, 0x29,
    0x00, 0x29, 0x00, 0x00, 0x20, 0x29, 0x20, 0x29, 0x00, 0x29, 0x00, 0x00,
    0x41, 0x28, 0x41, 0x30, 0x41, 0x28, 0x00, 0x00, 0x41, 0x28, 0x41, 0x28,
    0x41, 0x30, 0x00, 0x00, 0x41, 0x28, 0x41, 0x28, 0x41, 0x28, 0x00, 0x00,
    0x41, 0x30, 0x41, 0x28, 0x41, 0x28, 0x00, 0x00, 0x41, 0x28, 0x41, 0x30,
    0x41, 0x28, 0x00, 0x00, 0x41, 0x28, 0x41, 0x28, 0x01, 0x01, 0x01, 0x01,
    0x21, 0x01, 0x00, 0x00, 0x21, 0x01, 0x01, 0x01, 0x22, 0x01, 0x00, 0x00,
    0x01, 0x01, 0x22, 0x01, 0x21, 0x01, 0x00, 0x00, 0x01, 0x01, 0x21, 0x01,
    0x22, 0x01, 0x00, 0x00, 0x01, 0x01, 0x21, 0x01, 0x21, 0x01, 0x00, 0x00,
    0x02, 0x01, 0x21, 0x01, 0x22, 0x01, 0x00, 0x00, 0x02, 0x01, 0x21, 0x01,
    0x21, 0x01, 0x00, 0x00, 0x02, 0x01, 0x21, 0x01, 0x21, 0x01, 0x00, 0x00,
    0x02, 0x01, 0x21, 0x01, 0x21, 0x01, 0x00, 0x00, 0x02, 0x01, 0x21, 0x01,
    0x21, 0x01, 0x00, 0x00, 0x02, 0x01, 0x21, 0x01, 0x21, 0x01, 0x00, 0x00,
    0x01, 0x01, 0x21, 0x01, 0x21, 0x01, 0x00, 0x00, 0x01, 0x01, 0x21, 0x01,
    0x22, 0x01, 0x00, 0x00, 0x01, 0x01, 0x22, 0x01, 0x21, 0x01, 0x00, 0x00,
    0x01, 0x01, 0x21, 0x01, 0x22, 0x01, 0x00, 0x00, 0x01, 0x01, 0x22, 0x01,
    0x21, 0x01, 0x00, 0x00, 0x02, 0x01, 0x21, 0x01, 0x21, 0x01, 0x00, 0x00,
    0x01, 0x01, 0x21, 0x01, 0x22, 0x01, 0x00, 0x00, 0x01, 0x01, 0x22, 0x01,
    0x21, 0x01, 0x00, 0x00, 0x02, 0x01, 0x21, 0x01, 0x21, 0x01, 0x00, 0x00,
    0x01, 0x01, 0x21, 0x01, 0x22, 0x01, 0x00, 0x00, 0x01, 0x01, 0x22, 0x01,
    0x21, 0x01, 0x00, 0x00, 0x02, 0x01, 0x21, 0x01, 0x21, 0x01, 0x00, 0x00,
    0x01, 0x01, 0x21, 0x01, 0x22, 0x01, 0x00, 0x00, 0x01, 0x01, 0x22, 0x01,
    0x21, 0x01, 0x00, 0x00, 0x02, 0x01, 0x21, 0x01, 0x21, 0x01, 0x00, 0x00,
    0x01, 0x01, 0x21, 0x01, 0x22, 0x01, 0x00, 0x00, 0x01, 0x01, 0x22, 0x01,
    0x21, 0x01, 0x00, 0x00, 0x02, 0x01, 0x21, 0x01, 0x21, 0x01, 0x00, 0x00,
    0x01, 0x01, 0x21, 0x01, 0x22, 0x01, 0x00, 0x00, 0x01, 0x01, 0x22, 0x01,
    0x21, 0x01, 0x00, 0x00, 0x02, 0x01, 0x21, 0x01, 0x21, 0x01, 0x00, 0x00,
    0x01, 0x01, 0x21, 0x01, 0x22, 0x01, 0x00, 0x00, 0x01, 0x01, 0x22, 0x01,
    0x21, 0x01, 0x00, 0x00, 0x02, 0x01, 0x21, 0x01, 0x21, 0x01, 0x00, 0x00,
    0x01, 0x01, 0x21, 0x01, 0x22, 0x01, 0x00, 0x00, 0x01, 0x01, 0x22, 0x01,
    0x21, 0x01, 0x00, 0x00, 0x02, 0x01, 0x21, 0x01, 0x21, 0x01, 0x00, 0x00,
    0x01, 0x01, 0x21, 0x01, 0x22, 0x01, 0x00, 0x00, 0x01, 0x01, 0x22, 0x01,
    0x21, 0x01, 0x00, 0x00, 0x02, 0x01, 0x21, 0x01, 0x21, 0x01, 0x00, 0x00,
    0x01, 0x01, 0x21, 0x01, 0x22, 0x01, 0x00, 0x00, 0x01, 0x01, 0x21, 0x01,
    0x22, 0x01, 0x00, 0x00, 0x01, 0x01, 0x21, 0x01, 0x21, 0x01, 0x00, 0x00,
    0x00, 0x29, 0x20, 0x29, 0x20, 0x29, 0x00, 0x00, 0x00, 0x29, 0x20, 0x29,
    0x20, 0x29, 0x00, 0x00, 0x00, 0x29, 0x20, 0x29, 0x20, 0x29, 0x00, 0x00,
    0x00, 0x29, 0x20, 0x29, 0x20, 0x29, 0x00, 0x00, 0x00, 0x29, 0x20, 0x29,
    0x20, 0x29, 0x00, 0x00, 0x00, 0x29, 0x20, 0x29, 0x20, 0x29, 0x00, 0x00,
    0x00, 0x29, 0x20, 0x29, 0x20, 0x29, 0x00, 0x00, 0x00, 0x29, 0x20, 0x29,
    0x20, 0x29, 0x00, 0x00, 0x00, 0x29, 0x20, 0x29, 0x20, 0x29, 0x00, 0x00,
    0x00, 0x29, 0x20, 0x29, 0x20, 0x29, 0x00, 0x00, 0x00, 0x29, 0x20, 0x29,
    0x20, 0x29, 0x00, 0x00, 0x00, 0x29, 0x20, 0x29, 0x20, 0x29, 0x00, 0x00,
    0x00, 0x29, 0x20, 0x29, 0x20, 0x29, 0x00, 0x00, 0x41, 0x28, 0x41, 0x28,
    0x41, 0x30, 0x00, 0x00, 0x41, 0x28, 0x41, 0x28, 0x41, 0x28, 0x00, 0x00,
    0x41, 0x30, 0x41, 0x28, 0x41, 0x28, 0x00, 0x00, 0x41, 0x28, 0x41, 0x30,
    0x41, 0x28, 0x00, 0x00, 0x41, 0x28, 0x41, 0x28, 0x41, 0x30, 0x00, 0x00,
    0x41, 0x28, 0x41, 0x28, 0x21, 0x01, 0x02, 0x01, 0x02, 0x01, 0x00, 0x00,
    0x01, 0x01, 0x21, 0x01, 0x01, 0x01, 0x00, 0x00, 0x01, 0x01, 0x02, 0x01,
    0x21, 0x01, 0x00, 0x00, 0x02, 0x01, 0x01, 0x01, 0x21, 0x01, 0x00, 0x00,
    0x01, 0x01, 0x02, 0x01, 0x21, 0x01, 0x00, 0x00, 0x01, 0x01, 0x01, 0x01,
    0x21, 0x01, 0x00, 0x00, 0x01, 0x01, 0x02, 0x01, 0x21, 0x01, 0x00, 0x00,
    0x01, 0x01, 0x01, 0x01, 0x21, 0x01, 0x00, 0x00, 0x01, 0x01, 0x02, 0x01,
    0x21, 0x01, 0x00, 0x00, 0x01, 0x01, 0x02, 0x01, 0x21, 0x01, 0x00, 0x00,
    0x01, 0x01, 0x01, 0x01, 0x21, 0x01, 0x00, 0x00, 0x02, 0x01, 0x01, 0x01,
    0x21, 0x01, 0x00, 0x00, 0x02, 0x01, 0x01, 0x01, 0x21, 0x01, 0x00, 0x00,
    0x01, 0x01, 0x01, 0x01, 0x22, 0x01, 0x00, 0x00, 0x01, 0x01, 0x01, 0x01,
    0x21, 0x01, 0x00, 0x00, 0x01, 0x01, 0x02, 0x01, 0x21, 0x01, 0x00, 0x00,
    0x01, 0x01, 0x02, 0x01, 0x21, 0x01, 0x00, 0x00, 0x02, 0x01, 0x01, 0x01,
    0x21, 0x01, 0x00, 0x00, 0x01, 0x01, 0x02, 0x01, 0x21, 0x01, 0x00, 0x00,
    0x01, 0x01, 0x02, 0x01, 0x21, 0x01, 0x00, 0x00, 0x02, 0x01, 0x01, 0x01,
    0x21, 0x01, 0x00, 0x00, 0x01, 0x01, 0x02, 0x01, 0x21, 0x01, 0x00, 0x00,
    0x01, 0x01, 0x02, 0x01, 0x21, 0x01, 0x00, 0x00, 0x02, 0x01, 0x01, 0x01,
    0x21, 0x01, 0x00, 0x00, 0x01, 0x01, 0x02, 0x01, 0x21, 0x01, 0x00, 0x00,
    0x01, 0x01, 0x02, 0x01, 0x21, 0x01, 0x00, 0x00, 0x02, 0x01, 0x01, 0x01,
    0x21, 0x01, 0x00, 0x00, 0x01, 0x01, 0x02, 0x01, 0x21, 0x01, 0x00, 0x00,
    0x01, 0x01, 0x02, 0x01, 0x21, 0x01, 0x00, 0x00, 0x02, 0x01, 0x01, 0x01,
    0x21, 0x01, 0x00, 0x00, 0x01, 0x01, 0x02, 0x01, 0x21, 0x01, 0x00, 0x00,
    0x01, 0x01, 0x02, 0x01, 0x21, 0x01, 0x00, 0x00, 0x02, 0x01, 0x01, 0x01,
    0x21, 0x01, 0x00, 0x00, 0x01, 0x01, 0x02, 0x01, 0x21, 0x01, 0x00, 0x00,
    0x01, 0x01, 0x02, 0x01, 0x21, 0x01, 0x00, 0x00, 0x02, 0x01, 0x01, 0x01,
    0x21, 0x01, 0x00, 0x00, 0x01, 0x01, 0x02, 0x01, 0x21, 0x01, 0x00, 0x00,
    0x01, 0x01, 0x02, 0x01, 0x21, 0x01, 0x00, 0x00, 0x02, 0x01, 0x01, 0x01,
    0x21, 0x01, 0x00, 0x00, 0x01, 0x01, 0x02, 0x01, 0x21, 0x01, 0x00, 0x00,
    0x01, 0x01, 0x02, 0x01, 0x21, 0x01, 0x00, 0x00, 0x02, 0x01, 0x01, 0x01,
    0x21, 0x01, 0x00, 0x00, 0x01, 0x01, 0x02, 0x01, 0x21, 0x01, 0x00, 0x00,
    0x01, 0x01, 0x02, 0x01, 0x21, 0x01, 0x00, 0x00, 0x00, 0x29, 0x00, 0x29,
    0x20, 0x29, 0x00, 0x00, 0x00, 0x29, 0x00, 0x29, 0x20, 0x29, 0x00, 0x00,
    0x00, 0x29, 0x00, 0x29, 0x20, 0x29, 0x00, 0x00, 0x00, 0x29, 0x00, 0x29,
    0x20, 0x29, 0x00, 0x00, 0x00, 0x29, 0x00, 0x29, 0x20, 0x29, 0x00, 0x00,
    0x00, 0x29, 0x00, 0x29, 0x20, 0x29, 0x00, 0x00, 0x00, 0x29, 0x00, 0x29,
    0x20, 0x29, 0x00, 0x00, 0x00, 0x29, 0x00, 0x29, 0x20, 0x29, 0x00, 0x00,
    0x00, 0x29, 0x00, 0x29, 0x20, 0x29, 0x00, 0x00, 0x00, 0x29, 0x00, 0x29,
    0x20, 0x29, 0x00, 0x00, 0x00, 0x29, 0x00, 0x29, 0x20, 0x29, 0x00, 0x00,
    0x00, 0x29, 0x00, 0x29, 0x20, 0x29, 0x00, 0x00, 0x00, 0x29, 0x00, 0x29,
    0x20, 0x29, 0x00, 0x00, 0x41, 0x28, 0x41, 0x28, 0x41, 0x28, 0x00, 0x00,
    0x41, 0x30, 0x41, 0x28, 0x41, 0x28, 0x00, 0x00, 0x41, 0x28, 0x41, 0x30,
    0x41, 0x28, 0x00, 0x00, 0x41, 0x28, 0x41, 0x28, 0x41, 0x30, 0x00, 0x00,
    0x41, 0x28, 0x41, 0x28, 0x41, 0x28, 0x00, 0x00, 0x41, 0x28, 0x41, 0x30,
    0x01, 0x01, 0x21, 0x01, 0x21, 0x01, 0x00, 0x00, 0x02, 0x01, 0x21, 0x01,
    0x21, 0x01, 0x00, 0x00, 0x21, 0x01, 0x01, 0x01, 0x01, 0x01, 0x00, 0x00,
    0x21, 0x01, 0x01, 0x01, 0x02, 0x01, 0x00, 0x00, 0x21, 0x01, 0x01, 0x01,
    0x02, 0x01, 0x00, 0x00, 0x21, 0x01, 0x01, 0x01, 0x02, 0x01, 0x00, 0x00,
    0x21, 0x01, 0x01, 0x01, 0x02, 0x01, 0x00, 0x00, 0x21, 0x01, 0x02, 0x01,
    0x01, 0x01, 0x00, 0x00, 0x21, 0x01, 0x01, 0x01, 0x02, 0x01, 0x00, 0x00,
    0x21, 0x01, 0x01, 0x01, 0x02, 0x01, 0x00, 0x00, 0x21, 0x01, 0x02, 0x01,
    0x01, 0x01, 0x00, 0x00, 0x21, 0x01, 0x02, 0x01, 0x01, 0x01, 0x00, 0x00,
    0x21, 0x01, 0x01, 0x01, 0x01, 0x01, 0x00, 0x00, 0x21, 0x01, 0x01, 0x01,
    0x01, 0x01, 0x00, 0x00, 0x22, 0x01, 0x01, 0x01, 0x01, 0x01, 0x00, 0x00,
    0x21, 0x01, 0x01, 0x01, 0x01, 0x01, 0x00, 0x00, 0x21, 0x01, 0x01, 0x01,
    0x02, 0x01, 0x00, 0x00, 0x21, 0x01, 0x01, 0x01, 0x01, 0x01, 0x00, 0x00,
    0x21, 0x01, 0x01, 0x01, 0x01, 0x01, 0x00, 0x00, 0x21, 0x01, 0x01, 0x01,
    0x02, 0x01, 0x00, 0x00, 0x21, 0x01, 0x01, 0x01, 0x01, 0x01, 0x00, 0x00,
    0x21, 0x01, 0x01, 0x01, 0x01, 0x01, 0x00, 0x00, 0x21, 0x01, 0x01, 0x01,
    0x02, 0x01, 0x00, 0x00, 0x21, 0x01, 0x01, 0x01, 0x01, 0x01, 0x00, 0x00,
    0x21, 0x01, 0x01, 0x01, 0x01, 0x01, 0x00, 0x00, 0x21, 0x01, 0x01, 0x01,
    0x02, 0x01, 0x00, 0x00, 0x21, 0x01, 0x01, 0x01, 0x01, 0x01, 0x00, 0x00,
    0x21, 0x01, 0x01, 0x01, 0x01, 0x01, 0x00, 0x00, 0x21, 0x01, 0x01, 0x01,
    0x02, 0x01, 0x00, 0x00, 0x21, 0x01, 0x01, 0x01, 0x01, 0x01, 0x00, 0x00,
    0x21, 0x01, 0x01, 0x01, 0x01, 0x01, 0x00, 0x00, 0x21, 0x01, 0x01, 0x01,
    0x02, 0x01, 0x00, 0x00, 0x21, 0x01, 0x01, 0x01, 0x01, 0x01, 0x00, 0x00,
    0x21, 0x01, 0x01, 0x01, 0x01, 0x01, 0x00, 0x00, 0x21, 0x01, 0x01, 0x01,
    0x02, 0x01, 0x00, 0x00, 0x21, 0x01, 0x01, 0x01, 0x01, 0x01, 0x00, 0x00,
    0x21, 0x01, 0x01, 0x01, 0x01, 0x01, 0x00, 0x00, 0x21, 0x01, 0x01, 0x01,
    0x02, 0x01, 0x00, 0x00, 0x21, 0x01, 0x01, 0x01, 0x01, 0x01, 0x00, 0x00,
    0x21, 0x01, 0x01, 0x01, 0x01, 0x01, 0x00, 0x00, 0x21, 0x01, 0x01, 0x01,
    0x02, 0x01, 0x00, 0x00, 0x21, 0x01, 0x01, 0x01, 0x01, 0x01, 0x00, 0x00,
    0x21, 0x01, 0x01, 0x01, 0x01, 0x01, 0x00, 0x00, 0x21, 0x01, 0x01, 0x01,
    0x02, 0x01, 0x00, 0x00, 0x20, 0x29, 0x00, 0x29, 0x00, 0x29, 0x00, 0x00,
    0x20, 0x29, 0x00, 0x29, 0x00, 0x29, 0x00, 0x00, 0x20, 0x29, 0x00, 0x29,
    0x00, 0x29, 0x00, 0x00, 0x20, 0x29, 0x00, 0x29, 0x00, 0x29, 0x00, 0x00,
    0x20, 0x29, 0x00, 0x29, 0x00, 0x29, 0x00, 0x00, 0x20, 0x29, 0x00, 0x29,
    0x00, 0x29, 0x00, 0x00, 0x20, 0x29, 0x00, 0x29, 0x00, 0x29, 0x00, 0x00,
    0x20, 0x29, 0x00, 0x29, 0x00, 0x29, 0x00, 0x00, 0x20, 0x29, 0x00, 0x29,
    0x00, 0x29, 0x00, 0x00, 0x20, 0x29, 0x00, 0x29, 0x00, 0x29, 0x00, 0x00,
    0x20, 0x29, 0x00, 0x29, 0x00, 0x29, 0x00, 0x00, 0x20, 0x29, 0x00, 0x29,
    0x00, 0x29, 0x00, 0x00, 0x20, 0x29, 0x00, 0x29, 0x00, 0x29, 0x00, 0x00,
    0x41, 0x28, 0x41, 0x30, 0x41, 0x28, 0x00, 0x00, 0x41, 0x28, 0x41, 0x30,
    0x41, 0x28, 0x00, 0x00, 0x41, 0x28, 0x41, 0x28, 0x41, 0x30, 0x00, 0x00,
    0x41, 0x28, 0x41, 0x28, 0x41, 0x28, 0x00, 0x00, 0x41, 0x30, 0x41, 0x28,
    0x41, 0x28, 0x00, 0x00, 0x41, 0x28, 0x41, 0x28, 0x01, 0x01, 0x21, 0x01,
    0x21, 0x01, 0x00, 0x00, 0x01, 0x01, 0x02, 0x01, 0x21, 0x01, 0x00, 0x00,
    0x02, 0x01, 0x21, 0x01, 0x21, 0x01, 0x00, 0x00, 0x21, 0x01, 0x21, 0x01,
    0x02, 0x01, 0x00, 0x00, 0x21, 0x01, 0x21, 0x01, 0x01, 0x01, 0x00, 0x00,
    0x21, 0x01, 0x22, 0x01, 0x01, 0x01, 0x00, 0x00, 0x21, 0x01, 0x21, 0x01,
    0x01, 0x01, 0x00, 0x00, 0x21, 0x01, 0x22, 0x01, 0x01, 0x01, 0x00, 0x00,
    0x22, 0x01, 0x21, 0x01, 0x01, 0x01, 0x00, 0x00, 0x21, 0x01, 0x21, 0x01,
    0x01, 0x01, 0x00, 0x00, 0x21, 0x01, 0x22, 0x01, 0x01, 0x01, 0x00, 0x00,
    0x21, 0x01, 0x21, 0x01, 0x02, 0x01, 0x00, 0x00, 0x21, 0x01, 0x22, 0x01,
    0x02, 0x01, 0x00, 0x00, 0x22, 0x01, 0x21, 0x01, 0x01, 0x01, 0x00, 0x00,
    0x21, 0x01, 0x22, 0x01, 0x01, 0x01, 0x00, 0x00, 0x22, 0x01, 0x21, 0x01,
    0x01, 0x01, 0x00, 0x00, 0x22, 0x01, 0x21, 0x01, 0x01, 0x01, 0x00, 0x00,
    0x21, 0x01, 0x22, 0x01, 0x01, 0x01, 0x00, 0x00, 0x22, 0x01, 0x21, 0x01,
    0x01, 0x01, 0x00, 0x00, 0x22, 0x01, 0x21, 0x01, 0x01, 0x01, 0x00, 0x00,
    0x21, 0x01, 0x22, 0x01, 0x01, 0x01, 0x00, 0x00, 0x22, 0x01, 0x21, 0x01,
    0x01, 0x01, 0x00, 0x00, 0x22, 0x01, 0x21, 0x01, 0x01, 0x01, 0x00, 0x00,
    0x21, 0x01, 0x22, 0x01, 0x01, 0x01, 0x00, 0x00, 0x22, 0x01, 0x21, 0x01,
    0x01, 0x01, 0x00, 0x00, 0x22, 0x01, 0x21, 0x01, 0x01, 0x01, 0x00, 0x00,
    0x21, 0x01, 0x22, 0x01, 0x01, 0x01, 0x00, 0x00, 0x22, 0x01, 0x21, 0x01,
    0x01, 0x01, 0x00, 0x00, 0x22, 0x01, 0x21, 0x01, 0x01, 0x01, 0x00, 0x00,
    0x21, 0x01, 0x22, 0x01, 0x01, 0x01, 0x00, 0x00, 0x22, 0x01, 0x21, 0x01,
    0x01, 0x01, 0x00, 0x00, 0x22, 0x01, 0x21, 0x01, 0x01, 0x01, 0x00, 0x00,
    0x21, 0x01, 0x22, 0x01, 0x01, 0x01, 0x00, 0x00, 0x22, 0x01, 0x21, 0x01,
    0x01, 0x01, 0x00, 0x00, 0x22, 0x01, 0x21, 0x01, 0x01, 0x01, 0x00, 0x00,
    0x21, 0x01, 0x22, 0x01, 0x01, 0x01, 0x00, 0x00, 0x22, 0x01, 0x21, 0x01,
    0x01, 0x01, 0x00, 0x00, 0x22, 0x01, 0x21, 0x01, 0x01, 0x01, 0x00, 0x00,
    0x21, 0x01, 0x22, 0x01, 0x01, 0x01, 0x00, 0x00, 0x22, 0x01, 0x21, 0x01,
    0x01, 0x01, 0x00, 0x00, 0x22, 0x01, 0x21, 0x01, 0x01, 0x01, 0x00, 0x00,
    0x21, 0x01, 0x22, 0x01, 0x01, 0x01, 0x00, 0x00, 0x22, 0x01, 0x21, 0x01,
    0x01, 0x01, 0x00, 0x00, 0x22, 0x01, 0x21, 0x01, 0x01, 0x01, 0x00, 0x00,
    0x20, 0x29, 0x20, 0x29, 0x00, 0x29, 0x00, 0x00, 0x20, 0x29, 0x20, 0x29,
    0x00, 0x29, 0x00, 0x00, 0x20, 0x29, 0x20, 0x29, 0x00, 0x29, 0x00, 0x00,
    0x20, 0x29, 0x20, 0x29, 0x00, 0x29, 0x00, 0x00, 0x20, 0x29, 0x20, 0x29,
    0x00, 0x29, 0x00, 0x00, 0x20, 0x29, 0x20, 0x29, 0x00, 0x29, 0x00, 0x00,
    0x20, 0x29, 0x20, 0x29, 0x00, 0x29, 0x00, 0x00, 0x20, 0x29, 0x20, 0x29,
    0x00, 0x29, 0x00, 0x00, 0x20, 0x29, 0x20, 0x29, 0x00, 0x29, 0x00, 0x00,
    0x20, 0x29, 0x20, 0x29, 0x00, 0x29, 0x00, 0x00, 0x20, 0x29, 0x20, 0x29,
    0x00, 0x29, 0x00, 0x00, 0x20, 0x29, 0x20, 0x29, 0x00, 0x29, 0x00, 0x00,
    0x20, 0x29, 0x20, 0x29, 0x00, 0x29, 0x00, 0x00, 0x41, 0x28, 0x41, 0x28,
    0x41, 0x28, 0x00, 0x00, 0x41, 0x28, 0x41, 0x28, 0x41, 0x30, 0x00, 0x00,
    0x41, 0x28, 0x41, 0x28, 0x41, 0x28, 0x00, 0x00, 0x41, 0x30, 0x41, 0x28,
    0x41, 0x28, 0x00, 0x00, 0x41, 0x28, 0x41, 0x30, 0x41, 0x28, 0x00, 0x00,
    0x41, 0x30, 0x41, 0x28, 0x01, 0x01, 0x02, 0x01, 0x01, 0x01, 0x00, 0x00,
    0x21, 0x01, 0x01, 0x01, 0x01, 0x01, 0x00, 0x00, 0x02, 0x01, 0x21, 0x01,
    0x02, 0x01, 0x00, 0x00, 0x01, 0x01, 0x22, 0x01, 0x21, 0x01, 0x00, 0x00,
    0x01, 0x01, 0x22, 0x01, 0x21, 0x01, 0x00, 0x00, 0x01, 0x01, 0x21, 0x01,
    0x21, 0x01, 0x00, 0x00, 0x02, 0x01, 0x21, 0x01, 0x21, 0x01, 0x00, 0x00,
    0x01, 0x01, 0x21, 0x01, 0x21, 0x01, 0x00, 0x00, 0x01, 0x01, 0x21, 0x01,
    0x21, 0x01, 0x00, 0x00, 0x02, 0x01, 0x21, 0x01, 0x21, 0x01, 0x00, 0x00,
    0x01, 0x01, 0x21, 0x01, 0x21, 0x01, 0x00, 0x00, 0x02, 0x01, 0x21, 0x01,
    0x21, 0x01, 0x00, 0x00, 0x01, 0x01, 0x21, 0x01, 0x21, 0x01, 0x00, 0x00,
    0x01, 0x01, 0x22, 0x01, 0x21, 0x01, 0x00, 0x00, 0x01, 0x01, 0x21, 0x01,
    0x22, 0x01, 0x00, 0x00, 0x01, 0x01, 0x22, 0x01, 0x21, 0x01, 0x00, 0x00,
    0x01, 0x01, 0x21, 0x01, 0x21, 0x01, 0x00, 0x00, 0x01, 0x01, 0x22, 0x01,
    0x21, 0x01, 0x00, 0x00, 0x01, 0x01, 0x22, 0x01, 0x21, 0x01, 0x00, 0x00,
    0x01, 0x01, 0x21, 0x01, 0x21, 0x01, 0x00, 0x00, 0x01, 0x01, 0x22, 0x01,
    0x21, 0x01, 0x00, 0x00, 0x01, 0x01, 0x22, 0x01, 0x21, 0x01, 0x00, 0x00,
    0x01, 0x01, 0x21, 0x01, 0x21, 0x01, 0x00, 0x00, 0x01, 0x01, 0x22, 0x01,
    0x21, 0x01, 0x00, 0x00, 0x01, 0x01, 0x22, 0x01, 0x21, 0x01, 0x00, 0x00,
    0x01, 0x01, 0x21, 0x01, 0x21, 0x01, 0x00, 0x00, 0x01, 0x01, 0x22, 0x01,
    0x21, 0x01, 0x00, 0x00, 0x01, 0x01, 0x22, 0x01, 0x21, 0x01, 0x00, 0x00,
    0x01, 0x01, 0x21, 0x01, 0x21, 0x01, 0x00, 0x00, 0x01, 0x01, 0x22, 0x01,
    0x21, 0x01, 0x00, 0x00, 0x01, 0x01, 0x22, 0x01, 0x21, 0x01, 0x00, 0x00,
    0x01, 0x01, 0x21, 0x01, 0x21, 0x01, 0x00, 0x00, 0x01, 0x01, 0x22, 0x01,
    0x21, 0x01, 0x00, 0x00, 0x01, 0x01, 0x22, 0x01, 0x21, 0x01, 0x00, 0x00,
    0x01, 0x01, 0x21, 0x01, 0x21, 0x01, 0x00, 0x00, 0x01, 0x01, 0x22, 0x01,
    0x21, 0x01, 0x00, 0x00, 0x01, 0x01, 0x22, 0x01, 0x21, 0x01, 0x00, 0x00,
    0x01, 0x01, 0x21, 0x01, 0x21, 0x01, 0x00, 0x00, 0x01, 0x01, 0x22, 0x01,
    0x21, 0x01, 0x00, 0x00, 0x01, 0x01, 0x22, 0x01, 0x21, 0x01, 0x00, 0x00,
    0x01, 0x01, 0x21, 0x01, 0x21, 0x01, 0x00, 0x00, 0x01, 0x01, 0x21, 0x01,
    0x22, 0x01, 0x00, 0x00, 0x01, 0x01, 0x22, 0x01, 0x21, 0x01, 0x00, 0x00,
    0x01, 0x01, 0x21, 0x01, 0x21, 0x01, 0x00, 0x00, 0x00, 0x29, 0x20, 0x29,
    0x20, 0x29, 0x00, 0x00, 0x00, 0x29, 0x20, 0x29, 0x20, 0x29, 0x00, 0x00,
    0x00, 0x29, 0x20, 0x29, 0x20, 0x29, 0x00, 0x00, 0x00, 0x29, 0x20, 0x29,
    0x20, 0x29, 0x00, 0x00, 0x00, 0x29, 0x20, 0x29, 0x20, 0x29, 0x00, 0x00,
    0x00, 0x29, 0x20, 0x29, 0x20, 0x29, 0x00, 0x00, 0x00, 0x29, 0x20, 0x29,
    0x20, 0x29, 0x00, 0x00, 0x00, 0x29, 0x20, 0x29, 0x20, 0x29, 0x00, 0x00,
    0x00, 0x29, 0x20, 0x29, 0x20, 0x29, 0x00, 0x00, 0x00, 0x29, 0x20, 0x29,
    0x20, 0x29, 0x00, 0x00, 0x00, 0x29, 0x20, 0x29, 0x20, 0x29, 0x00, 0x00,
    0x00, 0x29, 0x20, 0x29, 0x20, 0x29, 0x00, 0x00, 0x00, 0x29, 0x20, 0x29,
    0x20, 0x29, 0x00, 0x00, 0x41, 0x28, 0x41, 0x28, 0x41, 0x30, 0x00, 0x00,
    0x41, 0x28, 0x41, 0x28, 0x41, 0x28, 0x00, 0x00, 0x41, 0x30, 0x41, 0x28,
    0x41, 0x28, 0x00, 0x00, 0x41, 0x28, 0x41, 0x30, 0x41, 0x28, 0x00, 0x00,
    0x41, 0x28, 0x41, 0x28, 0x41, 0x28, 0x00, 0x00, 0x41, 0x28, 0x41, 0x28,
    0x21, 0x01, 0x21, 0x01, 0x02, 0x01, 0x00, 0x00, 0x21, 0x01, 0x22, 0x01,
    0x21, 0x01, 0x00, 0x00, 0x21, 0x01, 0x01, 0x01, 0x21, 0x01, 0x00, 0x00,
    0x01, 0x01, 0x01, 0x01, 0x21, 0x01, 0x00, 0x00, 0x01, 0x01, 0x01, 0x01,
    0x22, 0x01, 0x00, 0x00, 0x01, 0x01, 0x02, 0x01, 0x21, 0x01, 0x00, 0x00,
    0x01, 0x01, 0x02, 0x01, 0x21, 0x01, 0x00, 0x00, 0x02, 0x01, 0x01, 0x01,
    0x21, 0x01, 0x00, 0x00, 0x02, 0x01, 0x01, 0x01, 0x21, 0x01, 0x00, 0x00,
    0x02, 0x01, 0x01, 0x01, 0x21, 0x01, 0x00, 0x00, 0x02, 0x01, 0x01, 0x01,
    0x21, 0x01, 0x00, 0x00, 0x01, 0x01, 0x01, 0x01, 0x21, 0x01, 0x00, 0x00,
    0x02, 0x01, 0x01, 0x01, 0x21, 0x01, 0x00, 0x00, 0x01, 0x01, 0x01, 0x01,
    0x22, 0x01, 0x00, 0x00, 0x01, 0x01, 0x01, 0x01, 0x21, 0x01, 0x00, 0x00,
    0x01, 0x01, 0x01, 0x01, 0x22, 0x01, 0x00, 0x00, 0x01, 0x01, 0x02, 0x01,
    0x21, 0x01, 0x00, 0x00, 0x01, 0x01, 0x01, 0x01, 0x21, 0x01, 0x00, 0x00,
    0x01, 0x01, 0x01, 0x01, 0x22, 0x01, 0x00, 0x00, 0x01, 0x01, 0x02, 0x01,
    0x21, 0x01, 0x00, 0x00, 0x01, 0x01, 0x01, 0x01, 0x21, 0x01, 0x00, 0x00,
    0x01, 0x01, 0x01, 0x01, 0x22, 0x01, 0x00, 0x00, 0x01, 0x01, 0x02, 0x01,
    0x21, 0x01, 0x00, 0x00, 0x01, 0x01, 0x01, 0x01, 0x21, 0x01, 0x00, 0x00,
    0x01, 0x01, 0x01, 0x01, 0x22, 0x01, 0x00, 0x00, 0x01, 0x01, 0x02, 0x01,
    0x21, 0x01, 0x00, 0x00, 0x01, 0x01, 0x01, 0x01, 0x21, 0x01, 0x00, 0x00,
    0x01, 0x01, 0x01, 0x01, 0x22, 0x01, 0x00, 0x00, 0x01, 0x01, 0x02, 0x01,
    0x21, 0x01, 0x00, 0x00, 0x01, 0x01, 0x01, 0x01, 0x21, 0x01, 0x00, 0x00,
    0x01, 0x01, 0x01, 0x01, 0x22, 0x01, 0x00, 0x00, 0x01, 0x01, 0x02, 0x01,
    0x21, 0x01, 0x00, 0x00, 0x01, 0x01, 0x01, 0x01, 0x21, 0x01, 0x00, 0x00,
    0x01, 0x01, 0x01, 0x01, 0x22, 0x01, 0x00, 0x00, 0x01, 0x01, 0x02, 0x01,
    0x21, 0x01, 0x00, 0x00, 0x01, 0x01, 0x01, 0x01, 0x21, 0x01, 0x00, 0x00,
    0x01, 0x01, 0x01, 0x01, 0x22, 0x01, 0x00, 0x00, 0x01, 0x01, 0x02, 0x01,
    0x21, 0x01, 0x00, 0x00, 0x01, 0x01, 0x01, 0x01, 0x21, 0x01, 0x00, 0x00,
    0x01, 0x01, 0x01, 0x01, 0x22, 0x01, 0x00, 0x00, 0x01, 0x01, 0x02, 0x01,
    0x21, 0x01, 0x00, 0x00, 0x02, 0x01, 0x01, 0x01, 0x21, 0x01, 0x00, 0x00,
    0x01, 0x01, 0x01, 0x01, 0x22, 0x01, 0x00, 0x00, 0x01, 0x01, 0x02, 0x01,
    0x21, 0x01, 0x00, 0x00, 0x00, 0x29, 0x00, 0x29, 0x20, 0x29, 0x00, 0x00,
    0x00, 0x29, 0x00, 0x29, 0x20, 0x29, 0x00, 0x00, 0x00, 0x29, 0x00, 0x29,
    0x20, 0x29, 0x00, 0x00, 0x00, 0x29, 0x00, 0x29, 0x20, 0x29, 0x00, 0x00,
    0x00, 0x29, 0x00, 0x29, 0x20, 0x29, 0x00, 0x00, 0x00, 0x29, 0x00, 0x29,
    0x20, 0x29, 0x00, 0x00, 0x00, 0x29, 0x00, 0x29, 0x20, 0x29, 0x00, 0x00,
    0x00, 0x29, 0x00, 0x29, 0x20, 0x29, 0x00, 0x00, 0x00, 0x29, 0x00, 0x29,
    0x20, 0x29, 0x00, 0x00, 0x00, 0x29, 0x00, 0x29, 0x20, 0x29, 0x00, 0x00,
    0x00, 0x29, 0x00, 0x29, 0x20, 0x29, 0x00, 0x00, 0x00, 0x29, 0x00, 0x29,
    0x20, 0x29, 0x00, 0x00, 0x00, 0x29, 0x00, 0x29, 0x20, 0x29, 0x00, 0x00,
    0x41, 0x28, 0x41, 0x30, 0x41, 0x28, 0x00, 0x00, 0x41, 0x30, 0x41, 0x28,
    0x41, 0x28, 0x00, 0x00, 0x41, 0x28, 0x41, 0x30, 0x41, 0x28, 0x00, 0x00,
    0x41, 0x28, 0x41, 0x28, 0x41, 0x30, 0x00, 0x00, 0x41, 0x28, 0x41, 0x30,
    0x41, 0x28, 0x00, 0x00, 0x41, 0x28, 0x41, 0x28, 0x01, 0x01, 0x21, 0x01,
    0x21, 0x01, 0x00, 0x00, 0x01, 0x01, 0x01, 0x01, 0x22, 0x01, 0x00, 0x00,
    0x01, 0x01, 0x21, 0x01, 0x02, 0x01, 0x00, 0x00, 0x21, 0x01, 0x02, 0x01,
    0x01, 0x01, 0x00, 0x00, 0x21, 0x01, 0x01, 0x01, 0x01, 0x01, 0x00, 0x00,
    0x21, 0x01, 0x01, 0x01, 0x02, 0x01, 0x00, 0x00, 0x21, 0x01, 0x01, 0x01,
    0x01, 0x01, 0x00, 0x00, 0x22, 0x01, 0x01, 0x01, 0x01, 0x01, 0x00, 0x00,
    0x22, 0x01, 0x01, 0x01, 0x01, 0x01, 0x00, 0x00, 0x21, 0x01, 0x01, 0x01,
    0x02, 0x01, 0x00, 0x00, 0x21, 0x01, 0x02, 0x01, 0x01, 0x01, 0x00, 0x00,
    0x22, 0x01, 0x01, 0x01, 0x01, 0x01, 0x00, 0x00, 0x21, 0x01, 0x01, 0x01,
    0x02, 0x01, 0x00, 0x00, 0x21, 0x01, 0x01, 0x01, 0x01, 0x01, 0x00, 0x00,
    0x22, 0x01, 0x01, 0x01, 0x01, 0x01, 0x00, 0x00, 0x21, 0x01, 0x01, 0x01,
    0x01, 0x01, 0x00, 0x00, 0x21, 0x01, 0x02, 0x01, 0x01, 0x01, 0x00, 0x00,
    0x22, 0x01, 0x01, 0x01, 0x01, 0x01, 0x00, 0x00, 0x22, 0x01, 0x01, 0x01,
    0x01, 0x01, 0x00, 0x00, 0x21, 0x01, 0x02, 0x01, 0x01, 0x01, 0x00, 0x00,
    0x22, 0x01, 0x01, 0x01, 0x01, 0x01, 0x00, 0x00, 0x22, 0x01, 0x01, 0x01,
    0x01, 0x01, 0x00, 0x00, 0x21, 0x01, 0x02, 0x01, 0x01, 0x01, 0x00, 0x00,
    0x22, 0x01, 0x01, 0x01, 0x01, 0x01, 0x00, 0x00, 0x22, 0x01, 0x01, 0x01,
    0x01, 0x01, 0x00, 0x00, 0x21, 0x01, 0x02, 0x01, 0x01, 0x01, 0x00, 0x00,
    0x22, 0x01, 0x01, 0x01, 0x01, 0x01, 0x00, 0x00, 0x22, 0x01, 0x01, 0x01,
    0x01, 0x01, 0x00, 0x00, 0x21, 0x01, 0x02, 0x01, 0x01, 0x01, 0x00, 0x00,
    0x22, 0x01, 0x01, 0x01, 0x01, 0x01, 0x00, 0x00, 0x22, 0x01, 0x01, 0x01,
    0x01, 0x01, 0x00, 0x00, 0x21, 0x01, 0x02, 0x01, 0x01, 0x01, 0x00, 0x00,
    0x22, 0x01, 0x01, 0x01, 0x01, 0x01, 0x00, 0x00, 0x22, 0x01, 0x01, 0x01,
    0x01, 0x01, 0x00, 0x00, 0x21, 0x01, 0x02, 0x01, 0x01, 0x01, 0x00, 0x00,
    0x22, 0x01, 0x01, 0x01, 0x01, 0x01, 0x00, 0x00, 0x22, 0x01, 0x01, 0x01,
    0x01, 0x01, 0x00, 0x00, 0x21, 0x01, 0x02, 0x01, 0x01, 0x01, 0x00, 0x00,
    0x22, 0x01, 0x01, 0x01, 0x01, 0x01, 0x00, 0x00, 0x22, 0x01, 0x01, 0x01,
    0x01, 0x01, 0x00, 0x00, 0x21, 0x01, 0x02, 0x01, 0x01, 0x01, 0x00, 0x00,
    0x21, 0x01, 0x01, 0x01, 0x01, 0x01, 0x00, 0x00, 0x21, 0x01, 0x01, 0x01,
    0x01, 0x01, 0x00, 0x00, 0x21, 0x01, 0x02, 0x01, 0x01, 0x01, 0x00, 0x00,
    0x20, 0x29, 0x00, 0x29, 0x00, 0x29, 0x00, 0x00, 0x20, 0x29, 0x00, 0x29,
    0x00, 0x29, 0x00, 0x00, 0x20, 0x29, 0x00, 0x29, 0x00, 0x29, 0x00, 0x00,
    0x20, 0x29, 0x00, 0x29, 0x00, 0x29, 0x00, 0x00, 0x20, 0x29, 0x00, 0x29,
    0x00, 0x29, 0x00, 0x00, 0x20, 0x29, 0x00, 0x29, 0x00, 0x29, 0x00, 0x00,
    0x20, 0x29, 0x00, 0x29, 0x00, 0x29, 0x00, 0x00, 0x20, 0x29, 0x00, 0x29,
    0x00, 0x29, 0x00, 0x00, 0x20, 0x29, 0x00, 0x29, 0x00, 0x29, 0x00, 0x00,
    0x20, 0x29, 0x00, 0x29, 0x00, 0x29, 0x00, 0x00, 0x20, 0x29, 0x00, 0x29,
    0x00, 0x29, 0x00, 0x00, 0x20, 0x29, 0x00, 0x29, 0x00, 0x29, 0x00, 0x00,
    0x20, 0x29, 0x00, 0x29, 0x00, 0x29, 0x00, 0x00, 0x41, 0x28, 0x41, 0x28,
    0x41, 0x28, 0x00, 0x00, 0x41, 0x28, 0x41, 0x30, 0x41, 0x28, 0x00, 0x00,
    0x41, 0x28, 0x41, 0x28, 0x41, 0x30, 0x00, 0x00, 0x41, 0x28, 0x41, 0x28,
    0x41, 0x28, 0x00, 0x00, 0x41, 0x28, 0x41, 0x30, 0x41, 0x28, 0x00, 0x00,
    0x41, 0x30, 0x41, 0x28, 0x01, 0x01, 0x01, 0x01, 0x22, 0x01, 0x00, 0x00,
    0x01, 0x01, 0x21, 0x01, 0x01, 0x01, 0x00, 0x00, 0x01, 0x01, 0x22, 0x01,
    0x01, 0x01, 0x00, 0x00, 0x21, 0x01, 0x21, 0x01, 0x02, 0x01, 0x00, 0x00,
    0x22, 0x01, 0x21, 0x01, 0x01, 0x01, 0x00, 0x00, 0x22, 0x01, 0x21, 0x01,
    0x01, 0x01, 0x00, 0x00, 0x21, 0x01, 0x21, 0x01, 0x02, 0x01, 0x00, 0x00,
    0x21, 0x01, 0x21, 0x01, 0x01, 0x01, 0x00, 0x00, 0x21, 0x01, 0x21, 0x01,
    0x02, 0x01, 0x00, 0x00, 0x21, 0x01, 0x21, 0x01, 0x02, 0x01, 0x00, 0x00,
    0x21, 0x01, 0x21, 0x01, 0x01, 0x01, 0x00, 0x00, 0x22, 0x01, 0x21, 0x01,
    0x01, 0x01, 0x00, 0x00, 0x22, 0x01, 0x21, 0x01, 0x01, 0x01, 0x00, 0x00,
    0x22, 0x01, 0x21, 0x01, 0x01, 0x01, 0x00, 0x00, 0x21, 0x01, 0x22, 0x01,
    0x01, 0x01, 0x00, 0x00, 0x22, 0x01, 0x21, 0x01, 0x01, 0x01, 0x00, 0x00,
    0x21, 0x01, 0x21, 0x01, 0x01, 0x01, 0x00, 0x00, 0x21, 0x01, 0x22, 0x01,
    0x01, 0x01, 0x00, 0x00, 0x21, 0x01, 0x21, 0x01, 0x01, 0x01, 0x00, 0x00,
    0x21, 0x01, 0x21, 0x01, 0x01, 0x01, 0x00, 0x00, 0x21, 0x01, 0x22, 0x01,
    0x01, 0x01, 0x00, 0x00, 0x21, 0x01, 0x21, 0x01, 0x01, 0x01, 0x00, 0x00,
    0x21, 0x01, 0x21, 0x01, 0x01, 0x01, 0x00, 0x00, 0x21, 0x01, 0x22, 0x01,
    0x01, 0x01, 0x00, 0x00, 0x21, 0x01, 0x21, 0x01, 0x01, 0x01, 0x00, 0x00,
    0x21, 0x01, 0x21, 0x01, 0x01, 0x01, 0x00, 0x00, 0x21, 0x01, 0x22, 0x01,
    0x01, 0x01, 0x00, 0x00, 0x21, 0x01, 0x21, 0x01, 0x01, 0x01, 0x00, 0x00,
    0x21, 0x01, 0x21, 0x01, 0x01, 0x01, 0x00, 0x00, 0x21, 0x01, 0x22, 0x01,
    0x01, 0x01, 0x00, 0x00, 0x21, 0x01, 0x21, 0x01, 0x01, 0x01, 0x00, 0x00,
    0x21, 0x01, 0x21, 0x01, 0x01, 0x01, 0x00, 0x00, 0x21, 0x01, 0x22, 0x01,
    0x01, 0x01, 0x00, 0x00, 0x21, 0x01, 0x21, 0x01, 0x01, 0x01, 0x00, 0x00,
    0x21, 0x01, 0x21, 0x01, 0x01, 0x01, 0x00, 0x00, 0x21, 0x01, 0x22, 0x01,
    0x01, 0x01, 0x00, 0x00, 0x21, 0x01, 0x21, 0x01, 0x01, 0x01, 0x00, 0x00,
    0x21, 0x01, 0x21, 0x01, 0x01, 0x01, 0x00, 0x00, 0x21, 0x01, 0x22, 0x01,
    0x01, 0x01, 0x00, 0x00, 0x21, 0x01, 0x21, 0x01, 0x01, 0x01, 0x00, 0x00,
    0x21, 0x01, 0x21, 0x01, 0x01, 0x01, 0x00, 0x00, 0x22, 0x01, 0x21, 0x01,
    0x02, 0x01, 0x00, 0x00, 0x21, 0x01, 0x22, 0x01, 0x01, 0x01, 0x00, 0x00,
    0x21, 0x01, 0x21, 0x01, 0x01, 0x01, 0x00, 0x00, 0x20, 0x29, 0x20, 0x29,
    0x00, 0x29, 0x00, 0x00, 0x20, 0x29, 0x20, 0x29, 0x00, 0x29, 0x00, 0x00,
    0x20, 0x29, 0x20, 0x29, 0x00, 0x29, 0x00, 0x00, 0x20, 0x29, 0x20, 0x29,
    0x00, 0x29, 0x00, 0x00, 0x20, 0x29, 0x20, 0x29, 0x00, 0x29, 0x00, 0x00,
    0x20, 0x29, 0x20, 0x29, 0x00, 0x29, 0x00, 0x00, 0x20, 0x29, 0x20, 0x29,
    0x00, 0x29, 0x00, 0x00, 0x20, 0x29, 0x20, 0x29, 0x00, 0x29, 0x00, 0x00,
    0x20, 0x29, 0x20, 0x29, 0x00, 0x29, 0x00, 0x00, 0x20, 0x29, 0x20, 0x29,
    0x00, 0x29, 0x00, 0x00, 0x20, 0x29, 0x20, 0x29, 0x00, 0x29, 0x00, 0x00,
    0x20, 0x29, 0x20, 0x29, 0x00, 0x29, 0x00, 0x00, 0x20, 0x29, 0x20, 0x29,
    0x00, 0x29, 0x00, 0x00, 0x41, 0x28, 0x41, 0x28, 0x41, 0x30, 0x00, 0x00,
    0x41, 0x28, 0x41, 0x28, 0x41, 0x30, 0x00, 0x00, 0x41, 0x28, 0x41, 0x28,
    0x41, 0x28, 0x00, 0x00, 0x41, 0x30, 0x41, 0x28, 0x41, 0x28, 0x00, 0x00,
    0x41, 0x28, 0x41, 0x28, 0x41, 0x28, 0x00, 0x00, 0x41, 0x28, 0x41, 0x28,
    0x21, 0x01, 0x01, 0x01, 0x01, 0x01, 0x00, 0x00, 0x22, 0x01, 0x01, 0x01,
    0x21, 0x01, 0x00, 0x00, 0x21, 0x01, 0x01, 0x01, 0x21, 0x01, 0x00, 0x00,
    0x01, 0x01, 0x21, 0x01, 0x21, 0x01, 0x00, 0x00, 0x01, 0x01, 0x22, 0x01,
    0x21, 0x01, 0x00, 0x00, 0x01, 0x01, 0x21, 0x01, 0x21, 0x01, 0x00, 0x00,
    0x02, 0x01, 0x21, 0x01, 0x21, 0x01, 0x00, 0x00, 0x01, 0x01, 0x22, 0x01,
    0x21, 0x01, 0x00, 0x00, 0x01, 0x01, 0x22, 0x01, 0x21, 0x01, 0x00, 0x00,
    0x01, 0x01, 0x21, 0x01, 0x21, 0x01, 0x00, 0x00, 0x01, 0x01, 0x22, 0x01,
    0x21, 0x01, 0x00, 0x00, 0x01, 0x01, 0x21, 0x01, 0x22, 0x01, 0x00, 0x00,
    0x01, 0x01, 0x21, 0x01, 0x21, 0x01, 0x00, 0x00, 0x01, 0x01, 0x22, 0x01,
    0x21, 0x01, 0x00, 0x00, 0x01, 0x01, 0x21, 0x01, 0x22, 0x01, 0x00, 0x00,
    0x01, 0x01, 0x22, 0x01, 0x21, 0x01, 0x00, 0x00, 0x02, 0x01, 0x21, 0x01,
    0x21, 0x01, 0x00, 0x00, 0x01, 0x01, 0x21, 0x01, 0x22, 0x01, 0x00, 0x00,
    0x01, 0x01, 0x22, 0x01, 0x21, 0x01, 0x00, 0x00, 0x02, 0x01, 0x21, 0x01,
    0x21, 0x01, 0x00, 0x00, 0x01, 0x01, 0x21, 0x01, 0x22, 0x01, 0x00, 0x00,
    0x01, 0x01, 0x22, 0x01, 0x21, 0x01, 0x00, 0x00, 0x02, 0x01, 0x21, 0x01,
    0x21, 0x01, 0x00, 0x00, 0x01, 0x01, 0x21, 0x01, 0x22, 0x01, 0x00, 0x00,
    0x01, 0x01, 0x22, 0x01, 0x21, 0x01, 0x00, 0x00, 0x02, 0x01, 0x21, 0x01,
    0x21, 0x01, 0x00, 0x00, 0x01, 0x01, 0x21, 0x01, 0x22, 0x01, 0x00, 0x00,
    0x01, 0x01, 0x22, 0x01, 0x21, 0x01, 0x00, 0x00, 0x02, 0x01, 0x21, 0x01,
    0x21, 0x01, 0x00, 0x00, 0x01, 0x01, 0x21, 0x01, 0x22, 0x01, 0x00, 0x00,
    0x01, 0x01, 0x22, 0x01, 0x21, 0x01, 0x00, 0x00, 0x02, 0x01, 0x21, 0x01,
    0x21, 0x01, 0x00, 0x00, 0x01, 0x01, 0x21, 0x01, 0x22, 0x01, 0x00, 0x00,
    0x01, 0x01, 0x22, 0x01, 0x21, 0x01, 0x00, 0x00, 0x02, 0x01, 0x21, 0x01,
    0x21, 0x01, 0x00, 0x00, 0x01, 0x01, 0x21, 0x01, 0x22, 0x01, 0x00, 0x00,
    0x01, 0x01, 0x22, 0x01, 0x21, 0x01, 0x00, 0x00, 0x02, 0x01, 0x21, 0x01,
    0x21, 0x01, 0x00, 0x00, 0x01, 0x01, 0x21, 0x01, 0x22, 0x01, 0x00, 0x00,
    0x01, 0x01, 0x22, 0x01, 0x21, 0x01, 0x00, 0x00, 0x02, 0x01, 0x21, 0x01,
    0x21, 0x01, 0x00, 0x00, 0x01, 0x01, 0x21, 0x01, 0x21, 0x01, 0x00, 0x00,
    0x01, 0x01, 0x22, 0x01, 0x21, 0x01, 0x00, 0x00, 0x02, 0x01, 0x21, 0x01,
    0x21, 0x01, 0x00, 0x00, 0x00, 0x29, 0x20, 0x29, 0x20, 0x29, 0x00, 0x00,
    0x00, 0x29, 0x20, 0x29, 0x20, 0x29, 0x00, 0x00, 0x00, 0x29, 0x20, 0x29,
    0x20, 0x29, 0x00, 0x00, 0x00, 0x29, 0x20, 0x29, 0x20, 0x29, 0x00, 0x00,
    0x00, 0x29, 0x20, 0x29, 0x20, 0x29, 0x00, 0x00, 0x00, 0x29, 0x20, 0x29,
    0x20, 0x29, 0x00, 0x00, 0x00, 0x29, 0x20, 0x29, 0x20, 0x29, 0x00, 0x00,
    0x00, 0x29, 0x20, 0x29, 0x20, 0x29, 0x00, 0x00, 0x00, 0x29, 0x20, 0x29,
    0x20, 0x29, 0x00, 0x00, 0x00, 0x29, 0x20, 0x29, 0x20, 0x29, 0x00, 0x00,
    0x00, 0x29, 0x20, 0x29, 0x20, 0x29, 0x00, 0x00, 0x00, 0x29, 0x20, 0x29,
    0x20, 0x29, 0x00, 0x00, 0x00, 0x29, 0x20, 0x29, 0x20, 0x29, 0x00, 0x00,
    0x41, 0x28, 0x41, 0x28, 0x41, 0x28, 0x00, 0x00, 0x41, 0x28, 0x41, 0x28,
    0x41, 0x28, 0x00, 0x00, 0x41, 0x30, 0x41, 0x28, 0x41, 0x28, 0x00, 0x00,
    0x41, 0x28, 0x41, 0x30, 0x41, 0x28, 0x00, 0x00, 0x41, 0x30, 0x41, 0x28,
    0x41, 0x28, 0x00, 0x00, 0x41, 0x30, 0x41, 0x28, 0x01, 0x01, 0x22, 0x01,
    0x21, 0x01, 0x00, 0x00, 0x01, 0x01, 0x22, 0x01, 0x01, 0x01, 0x00, 0x00,
    0x22, 0x01, 0x01, 0x01, 0x21, 0x01, 0x00, 0x00, 0x02, 0x01, 0x01, 0x01,
    0x21, 0x01, 0x00, 0x00, 0x01, 0x01, 0x01, 0x01, 0x22, 0x01, 0x00, 0x00,
    0x01, 0x01, 0x02, 0x01, 0x21, 0x01, 0x00, 0x00, 0x01, 0x01, 0x01, 0x01,
    0x21, 0x01, 0x00, 0x00, 0x01, 0x01, 0x02, 0x01, 0x21, 0x01, 0x00, 0x00,
    0x02, 0x01, 0x01, 0x01, 0x21, 0x01, 0x00, 0x00, 0x02, 0x01, 0x01, 0x01,
    0x21, 0x01, 0x00, 0x00, 0x01, 0x01, 0x01, 0x01, 0x22, 0x01, 0x00, 0x00,
    0x01, 0x01, 0x01, 0x01, 0x21, 0x01, 0x00, 0x00, 0x01, 0x01, 0x02, 0x01,
    0x21, 0x01, 0x00, 0x00, 0x01, 0x01, 0x01, 0x01, 0x22, 0x01, 0x00, 0x00,
    0x01, 0x01, 0x01, 0x01, 0x21, 0x01, 0x00, 0x00, 0x01, 0x01, 0x01, 0x01,
    0x21, 0x01, 0x00, 0x00, 0x02, 0x01, 0x01, 0x01, 0x22, 0x01, 0x00, 0x00,
    0x01, 0x01, 0x01, 0x01, 0x21, 0x01, 0x00, 0x00, 0x01, 0x01, 0x02, 0x01,
    0x21, 0x01, 0x00, 0x00, 0x01, 0x01, 0x02, 0x01, 0x21, 0x01, 0x00, 0x00,
    0x02, 0x01, 0x01, 0x01, 0x21, 0x01, 0x00, 0x00, 0x01, 0x01, 0x02, 0x01,
    0x21, 0x01, 0x00, 0x00, 0x01, 0x01, 0x02, 0x01, 0x21, 0x01, 0x00, 0x00,
    0x02, 0x01, 0x01, 0x01, 0x21, 0x01, 0x00, 0x00, 0x01, 0x01, 0x02, 0x01,
    0x21, 0x01, 0x00, 0x00, 0x01, 0x01, 0x02, 0x01, 0x21, 0x01, 0x00, 0x00,
    0x02, 0x01, 0x01, 0x01, 0x21, 0x01, 0x00, 0x00, 0x01, 0x01, 0x02, 0x01,
    0x21, 0x01, 0x00, 0x00, 0x01, 0x01, 0x02, 0x01, 0x21, 0x01, 0x00, 0x00,
    0x02, 0x01, 0x01, 0x01, 0x21, 0x01, 0x00, 0x00, 0x01, 0x01, 0x02, 0x01,
    0x21, 0x01, 0x00, 0x00, 0x01, 0x01, 0x02, 0x01, 0x21, 0x01, 0x00, 0x00,
    0x02, 0x01, 0x01, 0x01, 0x21, 0x01, 0x00, 0x00, 0x01, 0x01, 0x02, 0x01,
    0x21, 0x01, 0x00, 0x00, 0x01, 0x01, 0x02, 0x01, 0x21, 0x01, 0x00, 0x00,
    0x02, 0x01, 0x01, 0x01, 0x21, 0x01, 0x00, 0x00, 0x01, 0x01, 0x02, 0x01,
    0x21, 0x01, 0x00, 0x00, 0x01, 0x01, 0x02, 0x01, 0x21, 0x01, 0x00, 0x00,
    0x02, 0x01, 0x01, 0x01, 0x21, 0x01, 0x00, 0x00, 0x01, 0x01, 0x02, 0x01,
    0x21, 0x01, 0x00, 0x00, 0x01, 0x01, 0x02, 0x01, 0x21, 0x01, 0x00, 0x00,
    0x02, 0x01, 0x01, 0x01, 0x21, 0x01, 0x00, 0x00, 0x01, 0x01, 0x01, 0x01,
    0x21, 0x01, 0x00, 0x00, 0x01, 0x01, 0x02, 0x01, 0x21, 0x01, 0x00, 0x00,
    0x00, 0x29, 0x00, 0x29, 0x20, 0x29, 0x00, 0x00, 0x00, 0x29, 0x00, 0x29,
    0x20, 0x29, 0x00, 0x00, 0x00, 0x29, 0x00, 0x29, 0x20, 0x29, 0x00, 0x00,
    0x00, 0x29, 0x00, 0x29, 0x20, 0x29, 0x00, 0x00, 0x00, 0x29, 0x00, 0x29,
    0x20, 0x29, 0x00, 0x00, 0x00, 0x29, 0x00, 0x29, 0x20, 0x29, 0x00, 0x00,
    0x00, 0x29, 0x00, 0x29, 0x20, 0x29, 0x00, 0x00, 0x00, 0x29, 0x00, 0x29,
    0x20, 0x29, 0x00, 0x00, 0x00, 0x29, 0x00, 0x29, 0x20, 0x29, 0x00, 0x00,
    0x00, 0x29, 0x00, 0x29, 0x20, 0x29, 0x00, 0x00, 0x00, 0x29, 0x00, 0x29,
    0x20, 0x29, 0x00, 0x00, 0x00, 0x29, 0x00, 0x29, 0x20, 0x29, 0x00, 0x00,
    0x00, 0x29, 0x00, 0x29, 0x20, 0x29, 0x00, 0x00, 0x41, 0x28, 0x41, 0x30,
    0x41, 0x28, 0x00, 0x00, 0x41, 0x30, 0x41, 0x28, 0x41, 0x28, 0x00, 0x00,
    0x41, 0x28, 0x41, 0x30, 0x41, 0x28, 0x00, 0x00, 0x41, 0x28, 0x41, 0x28,
    0x41, 0x30, 0x00, 0x00, 0x41, 0x28, 0x41, 0x30, 0x41, 0x28, 0x00, 0x00,
    0x41, 0x28, 0x41, 0x28, 0x01, 0x01, 0x21, 0x01, 0x01, 0x01, 0x00, 0x00,
    0x21, 0x01, 0x01, 0x01, 0x21, 0x01, 0x00, 0x00, 0x02, 0x01, 0x21, 0x01,
    0x01, 0x01, 0x00, 0x00, 0x22, 0x01, 0x01, 0x01, 0x02, 0x01, 0x00, 0x00,
    0x21, 0x01, 0x01, 0x01, 0x01, 0x01, 0x00, 0x00, 0x21, 0x01, 0x01, 0x01,
    0x02, 0x01, 0x00, 0x00, 0x21, 0x01, 0x02, 0x01, 0x02, 0x01, 0x00, 0x00,
    0x21, 0x01, 0x01, 0x01, 0x01, 0x01, 0x00, 0x00, 0x21, 0x01, 0x01, 0x01,
    0x01, 0x01, 0x00, 0x00, 0x22, 0x01, 0x01, 0x01, 0x01, 0x01, 0x00, 0x00,
    0x22, 0x01, 0x01, 0x01, 0x01, 0x01, 0x00, 0x00, 0x21, 0x01, 0x02, 0x01,
    0x01, 0x01, 0x00, 0x00, 0x22, 0x01, 0x01, 0x01, 0x01, 0x01, 0x00, 0x00,
    0x22, 0x01, 0x01, 0x01, 0x01, 0x01, 0x00, 0x00, 0x22, 0x01, 0x01, 0x01,
    0x01, 0x01, 0x00, 0x00, 0x22, 0x01, 0x01, 0x01, 0x01, 0x01, 0x00, 0x00,
    0x21, 0x01, 0x01, 0x01, 0x01, 0x01, 0x00, 0x00, 0x22, 0x01, 0x01, 0x01,
    0x01, 0x01, 0x00, 0x00, 0x21, 0x01, 0x01, 0x01, 0x01, 0x01, 0x00, 0x00,
    0x21, 0x01, 0x01, 0x01, 0x02, 0x01, 0x00, 0x00, 0x21, 0x01, 0x01, 0x01,
    0x01, 0x01, 0x00, 0x00, 0x21, 0x01, 0x01, 0x01, 0x01, 0x01, 0x00, 0x00,
    0x21, 0x01, 0x01, 0x01, 0x02, 0x01, 0x00, 0x00, 0x21, 0x01, 0x01, 0x01,
    0x01, 0x01, 0x00, 0x00, 0x21, 0x01, 0x01, 0x01, 0x01, 0x01, 0x00, 0x00,
    0x21, 0x01, 0x01, 0x01, 0x02, 0x01, 0x00, 0x00, 0x21, 0x01, 0x01, 0x01,
    0x01, 0x01, 0x00, 0x00, 0x21, 0x01, 0x01, 0x01, 0x01, 0x01, 0x00, 0x00,
    0x21, 0x01, 0x01, 0x01, 0x02, 0x01, 0x00, 0x00, 0x21, 0x01, 0x01, 0x01,
    0x01, 0x01, 0x00, 0x00, 0x21, 0x01, 0x01, 0x01, 0x01, 0x01, 0x00, 0x00,
    0x21, 0x01, 0x01, 0x01, 0x02, 0x01, 0x00, 0x00, 0x21, 0x01, 0x01, 0x01,
    0x01, 0x01, 0x00, 0x00, 0x21, 0x01, 0x01, 0x01, 0x01, 0x01, 0x00, 0x00,
    0x21, 0x01, 0x01, 0x01, 0x02, 0x01, 0x00, 0x00, 0x21, 0x01, 0x01, 0x01,
    0x01, 0x01, 0x00, 0x00, 0x21, 0x01, 0x01, 0x01, 0x01, 0x01, 0x00, 0x00,
    0x21, 0x01, 0x01, 0x01, 0x02, 0x01, 0x00, 0x00, 0x21, 0x01, 0x01, 0x01,
    0x01, 0x01, 0x00, 0x00, 0x21, 0x01, 0x01, 0x01, 0x01, 0x01, 0x00, 0x00,
    0x21, 0x01, 0x01, 0x01, 0x01, 0x01, 0x00, 0x00, 0x21, 0x01, 0x02, 0x01,
    0x01, 0x01, 0x00, 0x00, 0x22, 0x01, 0x01, 0x01, 0x01, 0x01, 0x00, 0x00,
    0x21, 0x01, 0x01, 0x01, 0x02, 0x01, 0x00, 0x00, 0x20, 0x29, 0x00, 0x29,
    0x00, 0x29, 0x00, 0x00, 0x20, 0x29, 0x00, 0x29, 0x00, 0x29, 0x00, 0x00,
    0x20, 0x29, 0x00, 0x29, 0x00, 0x29, 0x00, 0x00, 0x20, 0x29, 0x00, 0x29,
    0x00, 0x29, 0x00, 0x00, 0x20, 0x29, 0x00, 0x29, 0x00, 0x29, 0x00, 0x00,
    0x20, 0x29, 0x00, 0x29, 0x00, 0x29, 0x00, 0x00, 0x20, 0x29, 0x00, 0x29,
    0x00, 0x29, 0x00, 0x00, 0x20, 0x29, 0x00, 0x29, 0x00, 0x29, 0x00, 0x00,
    0x20, 0x29, 0x00, 0x29, 0x00, 0x29, 0x00, 0x00, 0x20, 0x29, 0x00, 0x29,
    0x00, 0x29, 0x00, 0x00, 0x20, 0x29, 0x00, 0x29, 0x00, 0x29, 0x00, 0x00,
    0x20, 0x29, 0x00, 0x29, 0x00, 0x29, 0x00, 0x00, 0x20, 0x29, 0x00, 0x29,
    0x00, 0x29, 0x00, 0x00, 0x41, 0x28, 0x41, 0x28, 0x41, 0x30, 0x00, 0x00,
    0x41, 0x28, 0x41, 0x30, 0x41, 0x28, 0x00, 0x00, 0x41, 0x28, 0x41, 0x28,
    0x41, 0x30, 0x00, 0x00, 0x41, 0x28, 0x41, 0x28, 0x41, 0x28, 0x00, 0x00,
    0x41, 0x28, 0x41, 0x28, 0x41, 0x30, 0x00, 0x00, 0x41, 0x28, 0x41, 0x28,
    0x21, 0x01, 0x01, 0x01, 0x02, 0x01, 0x00, 0x00, 0x21, 0x01, 0x02, 0x01,
    0x21, 0x01, 0x00, 0x00, 0x01, 0x01, 0x21, 0x01, 0x02, 0x01, 0x00, 0x00,
    0x21, 0x01, 0x21, 0x01, 0x01, 0x01, 0x00, 0x00, 0x22, 0x01, 0x21, 0x01,
    0x01, 0x01, 0x00, 0x00, 0x21, 0x01, 0x21, 0x01, 0x01, 0x01, 0x00, 0x00,
    0x21, 0x01, 0x21, 0x01, 0x01, 0x01, 0x00, 0x00, 0x21, 0x01, 0x22, 0x01,
    0x01, 0x01, 0x00, 0x00, 0x21, 0x01, 0x22, 0x01, 0x01, 0x01, 0x00, 0x00,
    0x21, 0x01, 0x21, 0x01, 0x02, 0x01, 0x00, 0x00, 0x21, 0x01, 0x21, 0x01,
    0x01, 0x01, 0x00, 0x00, 0x21, 0x01, 0x22, 0x01, 0x01, 0x01, 0x00, 0x00,
    0x21, 0x01, 0x21, 0x01, 0x01, 0x01, 0x00, 0x00, 0x21, 0x01, 0x21, 0x01,
    0x01, 0x01, 0x00, 0x00, 0x21, 0x01, 0x22, 0x01, 0x01, 0x01, 0x00, 0x00,
    0x21, 0x01, 0x22, 0x01, 0x01, 0x01, 0x00, 0x00, 0x21, 0x01, 0x22, 0x01,
    0x01, 0x01, 0x00, 0x00, 0x21, 0x01, 0x22, 0x01, 0x01, 0x01, 0x00, 0x00,
    0x22, 0x01, 0x21, 0x01, 0x01, 0x01, 0x00, 0x00, 0x22, 0x01, 0x21, 0x01,
    0x01, 0x01, 0x00, 0x00, 0x21, 0x01, 0x22, 0x01, 0x01, 0x01, 0x00, 0x00,
    0x22, 0x01, 0x21, 0x01, 0x01, 0x01, 0x00, 0x00, 0x22, 0x01, 0x21, 0x01,
    0x01, 0x01, 0x00, 0x00, 0x21, 0x01, 0x22, 0x01, 0x01, 0x01, 0x00, 0x00,
    0x22, 0x01, 0x21, 0x01, 0x01, 0x01, 0x00, 0x00, 0x22, 0x01, 0x21, 0x01,
    0x01, 0x01, 0x00, 0x00, 0x21, 0x01, 0x22, 0x01, 0x01, 0x01, 0x00, 0x00,
    0x22, 0x01, 0x21, 0x01, 0x01, 0x01, 0x00, 0x00, 0x22, 0x01, 0x21, 0x01,
    0x01, 0x01, 0x00, 0x00, 0x21, 0x01, 0x22, 0x01, 0x01, 0x01, 0x00, 0x00,
    0x22, 0x01, 0x21, 0x01, 0x01, 0x01, 0x00, 0x00, 0x22, 0x01, 0x21, 0x01,
    0x01, 0x01, 0x00, 0x00, 0x21, 0x01, 0x22, 0x01, 0x01, 0x01, 0x00, 0x00,
    0x22, 0x01, 0x21, 0x01, 0x01, 0x01, 0x00, 0x00, 0x22, 0x01, 0x21, 0x01,
    0x01, 0x01, 0x00, 0x00, 0x21, 0x01, 0x22, 0x01, 0x01, 0x01, 0x00, 0x00,
    0x22, 0x01, 0x21, 0x01, 0x01, 0x01, 0x00, 0x00, 0x22, 0x01, 0x21, 0x01,
    0x01, 0x01, 0x00, 0x00, 0x21, 0x01, 0x22, 0x01, 0x01, 0x01, 0x00, 0x00,
    0x22, 0x01, 0x21, 0x01, 0x01, 0x01, 0x00, 0x00, 0x22, 0x01, 0x21, 0x01,
    0x02, 0x01, 0x00, 0x00, 0x21, 0x01, 0x21, 0x01, 0x01, 0x01, 0x00, 0x00,
    0x22, 0x01, 0x21, 0x01, 0x02, 0x01, 0x00, 0x00, 0x21, 0x01, 0x21, 0x01,
    0x01, 0x01, 0x00, 0x00, 0x20, 0x29, 0x20, 0x29, 0x00, 0x29, 0x00, 0x00,
    0x20, 0x29, 0x20, 0x29, 0x00, 0x29, 0x00, 0x00, 0x20, 0x29, 0x20, 0x29,
    0x00, 0x29, 0x00, 0x00, 0x20, 0x29, 0x20, 0x29, 0x00, 0x29, 0x00, 0x00,
    0x20, 0x29, 0x20, 0x29, 0x00, 0x29, 0x00, 0x00, 0x20, 0x29, 0x20, 0x29,
    0x00, 0x29, 0x00, 0x00, 0x20, 0x29, 0x20, 0x29, 0x00, 0x29, 0x00, 0x00,
    0x20, 0x29, 0x20, 0x29, 0x00, 0x29, 0x00, 0x00, 0x20, 0x29, 0x20, 0x29,
    0x00, 0x29, 0x00, 0x00, 0x20, 0x29, 0x20, 0x29, 0x00, 0x29, 0x00, 0x00,
    0x20, 0x29, 0x20, 0x29, 0x00, 0x29, 0x00, 0x00, 0x20, 0x29, 0x20, 0x29,
    0x00, 0x29, 0x00, 0x00, 0x20, 0x29, 0x20, 0x29, 0x00, 0x29, 0x00, 0x00,
    0x41, 0x28, 0x41, 0x28, 0x41, 0x28, 0x00, 0x00, 0x41, 0x28, 0x41, 0x28,
    0x41, 0x28, 0x00, 0x00, 0x41, 0x30, 0x41, 0x28, 0x41, 0x28, 0x00, 0x00,
    0x41, 0x30, 0x41, 0x28, 0x41, 0x28, 0x00, 0x00, 0x41, 0x28, 0x41, 0x28,
    0x41, 0x28, 0x00, 0x00, 0x41, 0x30, 0x41, 0x28, 0x01, 0x01, 0x21, 0x01,
    0x22, 0x01, 0x00, 0x00, 0x01, 0x01, 0x21, 0x01, 0x02, 0x01, 0x00, 0x00,
    0x21, 0x01, 0x01, 0x01, 0x21, 0x01, 0x00, 0x00, 0x01, 0x01, 0x21, 0x01,
    0x21, 0x01, 0x00, 0x00, 0x01, 0x01, 0x22, 0x01, 0x21, 0x01, 0x00, 0x00,
    0x02, 0x01, 0x21, 0x01, 0x21, 0x01, 0x00, 0x00, 0x02, 0x01, 0x21, 0x01,
    0x21, 0x01, 0x00, 0x00, 0x01, 0x01, 0x21, 0x01, 0x22, 0x01, 0x00, 0x00,
    0x01, 0x01, 0x21, 0x01, 0x22, 0x01, 0x00, 0x00, 0x01, 0x01, 0x21, 0x01,
    0x21, 0x01, 0x00, 0x00, 0x01, 0x01, 0x22, 0x01, 0x21, 0x01, 0x00, 0x00,
    0x01, 0x01, 0x21, 0x01, 0x21, 0x01, 0x00, 0x00, 0x01, 0x01, 0x22, 0x01,
    0x22, 0x01, 0x00, 0x00, 0x01, 0x01, 0x22, 0x01, 0x21, 0x01, 0x00, 0x00,
    0x01, 0x01, 0x21, 0x01, 0x22, 0x01, 0x00, 0x00, 0x01, 0x01, 0x21, 0x01,
    0x22, 0x01, 0x00, 0x00, 0x01, 0x01, 0x21, 0x01, 0x22, 0x01, 0x00, 0x00,
    0x01, 0x01, 0x21, 0x01, 0x22, 0x01, 0x00, 0x00, 0x01, 0x01, 0x22, 0x01,
    0x21, 0x01, 0x00, 0x00, 0x01, 0x01, 0x21, 0x01, 0x21, 0x01, 0x00, 0x00,
    0x01, 0x01, 0x22, 0x01, 0x21, 0x01, 0x00, 0x00, 0x01, 0x01, 0x22, 0x01,
    0x21, 0x01, 0x00, 0x00, 0x01, 0x01, 0x21, 0x01, 0x21, 0x01, 0x00, 0x00,
    0x01, 0x01, 0x22, 0x01, 0x21, 0x01, 0x00, 0x00, 0x01, 0x01, 0x22, 0x01,
    0x21, 0x01, 0x00, 0x00, 0x01, 0x01, 0x21, 0x01, 0x21, 0x01, 0x00, 0x00,
    0x01, 0x01, 0x22, 0x01, 0x21, 0x01, 0x00, 0x00, 0x01, 0x01, 0x22, 0x01,
    0x21, 0x01, 0x00, 0x00, 0x01, 0x01, 0x21, 0x01, 0x21, 0x01, 0x00, 0x00,
    0x01, 0x01, 0x22, 0x01, 0x21, 0x01, 0x00, 0x00, 0x01, 0x01, 0x22, 0x01,
    0x21, 0x01, 0x00, 0x00, 0x01, 0x01, 0x21, 0x01, 0x21, 0x01, 0x00, 0x00,
    0x01, 0x01, 0x22, 0x01, 0x21, 0x01, 0x00, 0x00, 0x01, 0x01, 0x22, 0x01,
    0x21, 0x01, 0x00, 0x00, 0x01, 0x01, 0x21, 0x01, 0x21, 0x01, 0x00, 0x00,
    0x01, 0x01, 0x22, 0x01, 0x21, 0x01, 0x00, 0x00, 0x01, 0x01, 0x22, 0x01,
    0x21, 0x01, 0x00, 0x00, 0x01, 0x01, 0x21, 0x01, 0x21, 0x01, 0x00, 0x00,
    0x01, 0x01, 0x22, 0x01, 0x21, 0x01, 0x00, 0x00, 0x01, 0x01, 0x22, 0x01,
    0x21, 0x01, 0x00, 0x00, 0x01, 0x01, 0x21, 0x01, 0x21, 0x01, 0x00, 0x00,
    0x02, 0x01, 0x21, 0x01, 0x21, 0x01, 0x00, 0x00, 0x01, 0x01, 0x21, 0x01,
    0x21, 0x01, 0x00, 0x00, 0x02, 0x01, 0x21, 0x01, 0x21, 0x01, 0x00, 0x00,
    0x00, 0x29, 0x20, 0x29, 0x20, 0x29, 0x00, 0x00, 0x00, 0x29, 0x20, 0x29,
    0x20, 0x29, 0x00, 0x00, 0x00, 0x29, 0x20, 0x29, 0x20, 0x29, 0x00, 0x00,
    0x00, 0x29, 0x20, 0x29, 0x20, 0x29, 0x00, 0x00, 0x00, 0x29, 0x20, 0x29,
    0x20, 0x29, 0x00, 0x00, 0x00, 0x29, 0x20, 0x29, 0x20, 0x29, 0x00, 0x00,
    0x00, 0x29, 0x20, 0x29, 0x20, 0x29, 0x00, 0x00, 0x00, 0x29, 0x20, 0x29,
    0x20, 0x29, 0x00, 0x00, 0x00, 0x29, 0x20, 0x29, 0x20, 0x29, 0x00, 0x00,
    0x00, 0x29, 0x20, 0x29, 0x20, 0x29, 0x00, 0x00, 0x00, 0x29, 0x20, 0x29,
    0x20, 0x29, 0x00, 0x00, 0x00, 0x29, 0x20, 0x29, 0x20, 0x29, 0x00, 0x00,
    0x00, 0x29, 0x20, 0x29, 0x20, 0x29, 0x00, 0x00, 0x41, 0x28, 0x41, 0x30,
    0x41, 0x28, 0x00, 0x00, 0x41, 0x28, 0x41, 0x30, 0x41, 0x28, 0x00, 0x00,
    0x41, 0x28, 0x41, 0x28, 0x41, 0x28, 0x00, 0x00, 0x41, 0x28, 0x41, 0x30,
    0x41, 0x28, 0x00, 0x00, 0x41, 0x30, 0x41, 0x28, 0x41, 0x28, 0x00, 0x00,
    0x41, 0x28, 0x41, 0x28, 0x01, 0x01, 0x21, 0x01, 0x01, 0x01, 0x00, 0x00,
    0x21, 0x01, 0x01, 0x01, 0x01, 0x01, 0x00, 0x00, 0x22, 0x01, 0x01, 0x01,
    0x21, 0x01, 0x00, 0x00, 0x02, 0x01, 0x02, 0x01, 0x21, 0x01, 0x00, 0x00,
    0x01, 0x01, 0x01, 0x01, 0x22, 0x01, 0x00, 0x00, 0x01, 0x01, 0x02, 0x01,
    0x21, 0x01, 0x00, 0x00, 0x01, 0x01, 0x02, 0x01, 0x21, 0x01, 0x00, 0x00,
    0x02, 0x01, 0x01, 0x01, 0x21, 0x01, 0x00, 0x00, 0x01, 0x01, 0x01, 0x01,
    0x21, 0x01, 0x00, 0x00, 0x02, 0x01, 0x01, 0x01, 0x21, 0x01, 0x00, 0x00,
    0x02, 0x01, 0x01, 0x01, 0x21, 0x01, 0x00, 0x00, 0x02, 0x01, 0x01, 0x01,
    0x21, 0x01, 0x00, 0x00, 0x01, 0x01, 0x01, 0x01, 0x21, 0x01, 0x00, 0x00,
    0x01, 0x01, 0x01, 0x01, 0x22, 0x01, 0x00, 0x00, 0x01, 0x01, 0x01, 0x01,
    0x21, 0x01, 0x00, 0x00, 0x01, 0x01, 0x01, 0x01, 0x21, 0x01, 0x00, 0x00,
    0x01, 0x01, 0x01, 0x01, 0x21, 0x01, 0x00, 0x00, 0x01, 0x01, 0x01, 0x01,
    0x21, 0x01, 0x00, 0x00, 0x01, 0x01, 0x01, 0x01, 0x22, 0x01, 0x00, 0x00,
    0x01, 0x01, 0x02, 0x01, 0x21, 0x01, 0x00, 0x00, 0x01, 0x01, 0x01, 0x01,
    0x21, 0x01, 0x00, 0x00, 0x01, 0x01, 0x01, 0x01, 0x22, 0x01, 0x00, 0x00,
    0x01, 0x01, 0x02, 0x01, 0x21, 0x01, 0x00, 0x00, 0x01, 0x01, 0x01, 0x01,
    0x21, 0x01, 0x00, 0x00, 0x01, 0x01, 0x01, 0x01, 0x22, 0x01, 0x00, 0x00,
    0x01, 0x01, 0x02, 0x01, 0x21, 0x01, 0x00, 0x00, 0x01, 0x01, 0x01, 0x01,
    0x21, 0x01, 0x00, 0x00, 0x01, 0x01, 0x01, 0x01, 0x22, 0x01, 0x00, 0x00,
    0x01, 0x01, 0x02, 0x01, 0x21, 0x01, 0x00, 0x00, 0x01, 0x01, 0x01, 0x01,
    0x21, 0x01, 0x00, 0x00, 0x01, 0x01, 0x01, 0x01, 0x22, 0x01, 0x00, 0x00,
    0x01, 0x01, 0x02, 0x01, 0x21, 0x01, 0x00, 0x00, 0x01, 0x01, 0x01, 0x01,
    0x21, 0x01, 0x00, 0x00, 0x01, 0x01, 0x01, 0x01, 0x22, 0x01, 0x00, 0x00,
    0x01, 0x01, 0x02, 0x01, 0x21, 0x01, 0x00, 0x00, 0x01, 0x01, 0x01, 0x01,
    0x21, 0x01, 0x00, 0x00, 0x01, 0x01, 0x01, 0x01, 0x22, 0x01, 0x00, 0x00,
    0x01, 0x01, 0x02, 0x01, 0x21, 0x01, 0x00, 0x00, 0x01, 0x01, 0x01, 0x01,
    0x21, 0x01, 0x00, 0x00, 0x01, 0x01, 0x01, 0x01, 0x22, 0x01, 0x00, 0x00,
    0x01, 0x01, 0x02, 0x01, 0x21, 0x01, 0x00, 0x00, 0x01, 0x01, 0x02, 0x01,
    0x21, 0x01, 0x00, 0x00, 0x01, 0x01, 0x02, 0x01, 0x21, 0x01, 0x00, 0x00,
    0x01, 0x01, 0x02, 0x01, 0x21, 0x01, 0x00, 0x00, 0x00, 0x29, 0x00, 0x29,
    0x20, 0x29, 0x00, 0x00, 0x00, 0x29, 0x00, 0x29, 0x20, 0x29, 0x00, 0x00,
    0x00, 0x29, 0x00, 0x29, 0x20, 0x29, 0x00, 0x00, 0x00, 0x29, 0x00, 0x29,
    0x20, 0x29, 0x00, 0x00, 0x00, 0x29, 0x00, 0x29, 0x20, 0x29, 0x00, 0x00,
    0x00, 0x29, 0x00, 0x29, 0x20, 0x29, 0x00, 0x00, 0x00, 0x29, 0x00, 0x29,
    0x20, 0x29, 0x00, 0x00, 0x00, 0x29, 0x00, 0x29, 0x20, 0x29, 0x00, 0x00,
    0x00, 0x29, 0x00, 0x29, 0x20, 0x29, 0x00, 0x00, 0x00, 0x29, 0x00, 0x29,
    0x20, 0x29, 0x00, 0x00, 0x00, 0x29, 0x00, 0x29, 0x20, 0x29, 0x00, 0x00,
    0x00, 0x29, 0x00, 0x29, 0x20, 0x29, 0x00, 0x00, 0x00, 0x29, 0x00, 0x29,
    0x20, 0x29, 0x00, 0x00, 0x41, 0x28, 0x41, 0x28, 0x41, 0x30, 0x00, 0x00,
    0x41, 0x28, 0x41, 0x28, 0x41, 0x30, 0x00, 0x00, 0x41, 0x28, 0x41, 0x30,
    0x41, 0x28, 0x00, 0x00, 0x41, 0x28, 0x41, 0x28, 0x41, 0x28, 0x00, 0x00,
    0x41, 0x30, 0x41, 0x28, 0x41, 0x28, 0x00, 0x00, 0x41, 0x28, 0x41, 0x28,
    0x81, 0x00, 0xa1, 0x00, 0x81, 0x00, 0x00, 0x00, 0xa1, 0x00, 0xa1, 0x00,
    0x81, 0x00, 0x00, 0x00, 0xa1, 0x00, 0x81, 0x00, 0x81, 0x00, 0x00, 0x00,
    0xa1, 0x00, 0x81, 0x00, 0x81, 0x00, 0x00, 0x00, 0xa1, 0x00, 0x81, 0x00,
    0x81, 0x00, 0x00, 0x00, 0xa1, 0x00, 0x81, 0x00, 0x81, 0x00, 0x00, 0x00,
    0xa1, 0x00, 0x81, 0x00, 0x81, 0x00, 0x00, 0x00, 0xa1, 0x00, 0x81, 0x00,
    0x81, 0x00, 0x00, 0x00, 0xa1, 0x00, 0x81, 0x00, 0x81, 0x00, 0x00, 0x00,
    0xa1, 0x00, 0x81, 0x00, 0x81, 0x00, 0x00, 0x00, 0xa1, 0x00, 0x81, 0x00,
    0x81, 0x00, 0x00, 0x00, 0xa1, 0x00, 0x81, 0x00, 0x81, 0x00, 0x00, 0x00,
    0xa1, 0x00, 0x81, 0x00, 0x81, 0x00, 0x00, 0x00, 0xa1, 0x00, 0x81, 0x00,
    0x81, 0x00, 0x00, 0x00, 0xa1, 0x00, 0x81, 0x00, 0x81, 0x00, 0x00, 0x00,
    0xa1, 0x00, 0x81, 0x00, 0x81, 0x00, 0x00, 0x00, 0xa1, 0x00, 0x81, 0x00,
    0x81, 0x00, 0x00, 0x00, 0xa1, 0x00, 0x81, 0x00, 0x81, 0x00, 0x00, 0x00,
    0xa1, 0x00, 0x81, 0x00, 0x81, 0x00, 0x00, 0x00, 0xa1, 0x00, 0x81, 0x00,
    0x81, 0x00, 0x00, 0x00, 0xa1, 0x00, 0x81, 0x00, 0x81, 0x00, 0x00, 0x00,
    0xa1, 0x00, 0x81, 0x00, 0x81, 0x00, 0x00, 0x00, 0xa1, 0x00, 0x81, 0x00,
    0x81, 0x00, 0x00, 0x00, 0xa1, 0x00, 0x81, 0x00, 0x81, 0x00, 0x00, 0x00,
    0xa1, 0x00, 0x81, 0x00, 0x81, 0x00, 0x00, 0x00, 0xa1, 0x00, 0x81, 0x00,
    0x81, 0x00, 0x00, 0x00, 0xa1, 0x00, 0x81, 0x00, 0x81, 0x00, 0x00, 0x00,
    0xa1, 0x00, 0x81, 0x00, 0x81, 0x00, 0x00, 0x00, 0xa1, 0x00, 0x81, 0x00,
    0x81, 0x00, 0x00, 0x00, 0xa1, 0x00, 0x81, 0x00, 0x81, 0x00, 0x00, 0x00,
    0xa1, 0x00, 0x81, 0x00, 0x81, 0x00, 0x00, 0x00, 0xa1, 0x00, 0x81, 0x00,
    0x81, 0x00, 0x00, 0x00, 0xa1, 0x00, 0x81, 0x00, 0x81, 0x00, 0x00, 0x00,
    0xa1, 0x00, 0x81, 0x00, 0x81, 0x00, 0x00, 0x00, 0xa1, 0x00, 0x81, 0x00,
    0x81, 0x00, 0x00, 0x00, 0xa1, 0x00, 0x81, 0x00, 0x81, 0x00, 0x00, 0x00,
    0xa1, 0x00, 0x81, 0x00, 0x81, 0x00, 0x00, 0x00, 0xa1, 0x00, 0x81, 0x00,
    0x81, 0x00, 0x00, 0x00, 0xa1, 0x00, 0x81, 0x00, 0x81, 0x00, 0x00, 0x00,
    0xa1, 0x00, 0x81, 0x00, 0x81, 0x00, 0x00, 0x00, 0xa1, 0x00, 0x81, 0x00,
    0x81, 0x00, 0x00, 0x00, 0xa1, 0x00, 0x81, 0x00, 0x81, 0x00, 0x00, 0x00,
    0xa1, 0x00, 0x81, 0x00, 0x81, 0x00, 0x00, 0x00, 0xa1, 0x00, 0x81, 0x00,
    0x81, 0x00, 0x00, 0x00, 0xa0, 0x18, 0x80, 0x18, 0x80, 0x18, 0x00, 0x00,
    0xa0, 0x18, 0x80, 0x18, 0x80, 0x18, 0x00, 0x00, 0xa0, 0x18, 0x80, 0x18,
    0x80, 0x18, 0x00, 0x00, 0xa0, 0x18, 0x80, 0x18, 0x80, 0x18, 0x00, 0x00,
    0xa0, 0x18, 0x80, 0x18, 0x80, 0x10, 0x00, 0x00, 0xa0, 0x18, 0x80, 0x18,
    0x80, 0x10, 0x00, 0x00, 0xa0, 0x18, 0x80, 0x18, 0x80, 0x10, 0x00, 0x00,
    0xa0, 0x18, 0x80, 0x10, 0x80, 0x18, 0x00, 0x00, 0xa0, 0x18, 0x80, 0x10,
    0x80, 0x18, 0x00, 0x00, 0xa0, 0x10, 0x80, 0x18, 0x80, 0x18, 0x00, 0x00,
    0xa0, 0x10, 0x80, 0x18, 0x80, 0x18, 0x00, 0x00, 0xa0, 0x10, 0x80, 0x18,
    0x80, 0x18, 0x00, 0x00, 0xa0, 0x18, 0x80, 0x18, 0x80, 0x18, 0x00, 0x00,
    0x20, 0x18, 0x21, 0x18, 0x20, 0x18, 0x00, 0x00, 0x21, 0x18, 0x20, 0x18,
    0x20, 0x18, 0x00, 0x00, 0x21, 0x18, 0x20, 0x18, 0x20, 0x18, 0x00, 0x00,
    0x21, 0x18, 0x20, 0x18, 0x21, 0x18, 0x00, 0x00, 0x20, 0x18, 0x21, 0x18,
    0x20, 0x18, 0x00, 0x00, 0x21, 0x18, 0x20, 0x18
};
